City/Town,Ward,Pct,Obama/ Biden,McCain/ Palin,Total Votes Cast,,,,,,
Abington,-,1,"1,028",885,"1,969",,,,,,
Abington,-,2,861,782,"1,704",,,,,,
Abington,-,3,954,918,"1,913",,,,,,
Abington,-,4,"1,251","1,180","2,511",,,,,,
Acton,-,1,"1,351",592,"1,994",,,,,,
Acton,-,2,"1,260",593,"1,890",,,,,,
Acton,-,3,"1,424",666,"2,130",,,,,,
Acton,-,4,"1,342",527,"1,918",,,,,,
Acton,-,5,"1,358",484,"1,885",,,,,,
Acton,-,6,"1,159",615,"1,818",,,,,,
Acushnet,-,1,"1,002",530,"1,608",,,,,,
Acushnet,-,2,"1,094",781,"1,966",,,,,,
Acushnet,-,3,"1,136",799,"2,019",,,,,,
Adams,-,1,561,159,743,,,,,,
Adams,-,2,645,181,859,,,,,,
Adams,-,3,564,201,803,,,,,,
Adams,-,4,590,142,751,,,,,,
Adams,-,5,706,210,943,,,,,,
Agawam,-,1,784,662,"1,510",,,,,,
Agawam,-,2,993,937,"1,994",,,,,,
Agawam,-,3,983,714,"1,765",,,,,,
Agawam,-,4,891,729,"1,686",,,,,,
Agawam,-,5,"1,029",867,"1,949",,,,,,
Agawam,-,6,932,875,"1,874",,,,,,
Agawam,-,7,927,809,"1,788",,,,,,
Agawam,-,8,"1,056",835,"1,944",,,,,,
Alford,-,1,261,57,323,,,,,,
Amesbury,-,1,982,705,"1,727",,,,,,
Amesbury,-,2,817,510,"1,371",,,,,,
Amesbury,-,3,942,512,"1,492",,,,,,
Amesbury,-,4,632,436,"1,099",,,,,,
Amesbury,-,5,902,676,"1,621",,,,,,
Amesbury,-,6,836,383,"1,261",,,,,,
Amherst,-,1,796,90,930,,,,,,
Amherst,-,2,"1,023",136,"1,191",,,,,,
Amherst,-,3,828,106,970,,,,,,
Amherst,-,3A,0,0,0,,,,,,
Amherst,-,4,973,117,"1,113",,,,,,
Amherst,-,4A,0,0,0,,,,,,
Amherst,-,5,956,108,"1,098",,,,,,
Amherst,-,6,"1,481",171,"1,703",,,,,,
Amherst,-,7,"1,252",159,"1,454",,,,,,
Amherst,-,8,"1,659",215,"1,926",,,,,,
Amherst,-,9,"1,391",126,"1,599",,,,,,
Amherst,-,9A,0,0,0,,,,,,
Amherst,-,10,839,79,953,,,,,,
Amherst,-,10A,0,0,0,,,,,,
Andover,-,1,"1,242",711,"1,986",,,,,,
Andover,-,2,"1,075",848,"1,965",,,,,,
Andover,-,3,"1,280",824,"2,145",,,,,,
Andover,-,4,"1,020",828,"1,881",,,,,,
Andover,-,5,"1,075",904,"2,024",,,,,,
Andover,-,6,"1,041",944,"2,022",,,,,,
Andover,-,7,"1,107",911,"2,071",,,,,,
Andover,-,8,"1,190",947,"2,175",,,,,,
Andover,-,9,"1,147",881,"2,075",,,,,,
Aquinnah,-,1,280,26,313,,,,,,
Arlington,-,1,622,186,832,,,,,,
Arlington,-,2,860,318,"1,214",,,,,,
Arlington,-,3,927,214,"1,177",,,,,,
Arlington,-,4,867,209,"1,113",,,,,,
Arlington,-,5,807,317,"1,162",,,,,,
Arlington,-,6,955,248,"1,249",,,,,,
Arlington,-,7,819,235,"1,082",,,,,,
Arlington,-,8,"1,085",218,"1,344",,,,,,
Arlington,-,9,863,377,"1,285",,,,,,
Arlington,-,10,"1,014",275,"1,315",,,,,,
Arlington,-,11,855,391,"1,275",,,,,,
Arlington,-,12,"1,027",362,"1,421",,,,,,
Arlington,-,13,737,541,"1,308",,,,,,
Arlington,-,14,875,245,"1,165",,,,,,
Arlington,-,15,953,404,"1,386",,,,,,
Arlington,-,16,923,316,"1,273",,,,,,
Arlington,-,17,637,187,854,,,,,,
Arlington,-,18,799,450,"1,275",,,,,,
Arlington,-,19,911,365,"1,305",,,,,,
Arlington,-,20,917,274,"1,227",,,,,,
Arlington,-,21,912,275,"1,226",,,,,,
Ashburnham,-,1,"1,787","1,486","3,390",,,,,,
Ashby,-,1,885,932,"1,881",,,,,,
Ashfield,-,1,903,198,"1,136",,,,,,
Ashland,-,1,"1,317",816,"2,188",,,,,,
Ashland,-,2,"1,227",910,"2,204",,,,,,
Ashland,-,3,"1,222",726,"2,000",,,,,,
Ashland,-,4,"1,294",732,"2,088",,,,,,
Athol,-,1,977,721,"1,761",,,,,,
Athol,-,2,808,676,"1,541",,,,,,
Athol,-,3,862,559,"1,469",,,,,,
Attleboro,1,A,857,655,"1,570",,,,,,
Attleboro,1,B,858,714,"1,623",,,,,,
Attleboro,2,A,888,716,"1,641",,,,,,
Attleboro,2,B,"1,074",903,"2,024",,,,,,
Attleboro,3,A,839,581,"1,462",,,,,,
Attleboro,3,B,"1,048",830,"1,923",,,,,,
Attleboro,4,A,674,433,"1,148",,,,,,
Attleboro,4,B,"1,042",870,"1,963",,,,,,
Attleboro,5,A,584,306,930,,,,,,
Attleboro,5,B,908,674,"1,623",,,,,,
Attleboro,6,A,866,582,"1,502",,,,,,
Attleboro,6,B,885,739,"1,676",,,,,,
Auburn,-,1,946,843,"1,844",,,,,,
Auburn,-,2,973,727,"1,755",,,,,,
Auburn,-,3,"1,035",771,"1,859",,,,,,
Auburn,-,4,932,743,"1,745",,,,,,
Auburn,-,5,908,765,"1,747",,,,,,
Avon,-,1,"1,173","1,159","2,424",,,,,,
Ayer,-,1,"1,029",727,"1,809",,,,,,
Ayer,-,2,866,670,"1,585",,,,,,
Barnstable,-,1,"1,350","1,109","2,512",,,,,,
Barnstable,-,2,"1,103",898,"2,053",,,,,,
Barnstable,-,3,925,644,"1,600",,,,,,
Barnstable,-,4,"1,016",926,"1,976",,,,,,
Barnstable,-,5,"1,011","1,079","2,139",,,,,,
Barnstable,-,6,"1,102",944,"2,092",,,,,,
Barnstable,-,7,"1,270","1,081","2,410",,,,,,
Barnstable,-,8,778,487,"1,291",,,,,,
Barnstable,-,9,675,307,"1,009",,,,,,
Barnstable,-,10,"1,109",971,"2,136",,,,,,
Barnstable,-,11,"1,259","1,127","2,416",,,,,,
Barnstable,-,12,"1,045",889,"1,979",,,,,,
Barnstable,-,13,916,622,"1,596",,,,,,
Barre,-,1,774,623,"1,438",,,,,,
Barre,-,2,635,582,"1,271",,,,,,
Becket,-,1,672,255,959,,,,,,
Bedford,-,1,"1,235",697,"1,991",,,,,,
Bedford,-,2,853,595,"1,498",,,,,,
Bedford,-,3,"1,359",709,"2,114",,,,,,
Bedford,-,4,"1,069",717,"1,832",,,,,,
Belchertown,-,A,"1,109",616,"1,779",,,,,,
Belchertown,-,B,"1,200",743,"1,985",,,,,,
Belchertown,-,C,"1,263",859,"2,184",,,,,,
Belchertown,-,D,"1,257",465,"1,785",,,,,,
Bellingham,-,1,860,810,"1,715",,,,,,
Bellingham,-,2,776,693,"1,515",,,,,,
Bellingham,-,3,949,723,"1,744",,,,,,
Bellingham,-,4,936,917,"1,907",,,,,,
Bellingham,-,5,843,640,"1,532",,,,,,
Belmont,-,1,"1,305",478,"1,820",,,,,,
Belmont,-,2,"1,211",656,"1,910",,,,,,
Belmont,-,3,"1,079",413,"1,530",,,,,,
Belmont,-,4,"1,048",387,"1,499",,,,,,
Belmont,-,5,"1,132",504,"1,686",,,,,,
Belmont,-,6,"1,308",435,"1,794",,,,,,
Belmont,-,7,"1,184",418,"1,667",,,,,,
Belmont,-,8,"1,137",691,"1,906",,,,,,
Berkley,-,1,"1,585","1,558","3,275",,,,,,
Berlin,-,1,870,712,"1,653",,,,,,
Bernardston,-,1,849,354,"1,245",,,,,,
Beverly,1,1,867,638,"1,538",,,,,,
Beverly,1,2,"1,089",736,"1,884",,,,,,
Beverly,2,1,975,440,"1,475",,,,,,
Beverly,2,2,"1,058",499,"1,619",,,,,,
Beverly,3,1,722,412,"1,177",,,,,,
Beverly,3,2,922,582,"1,550",,,,,,
Beverly,4,1,"1,018",624,"1,683",,,,,,
Beverly,4,2,"1,332",630,"2,005",,,,,,
Beverly,5,1,"1,016",742,"1,799",,,,,,
Beverly,5,2,"1,021",760,"1,840",,,,,,
Beverly,6,1,"1,116",785,"1,959",,,,,,
Beverly,6,2,"1,111",932,"2,085",,,,,,
Billerica,-,1,929,735,"1,722",,,,,,
Billerica,-,2,925,832,"1,814",,,,,,
Billerica,-,3,925,824,"1,791",,,,,,
Billerica,-,4,914,858,"1,827",,,,,,
Billerica,-,5,921,"1,051","2,019",,,,,,
Billerica,-,6,745,739,"1,510",,,,,,
Billerica,-,7,963,791,"1,811",,,,,,
Billerica,-,8,867,930,"1,858",,,,,,
Billerica,-,9,807,853,"1,700",,,,,,
Billerica,-,10,906,898,"1,861",,,,,,
Billerica,-,11,798,769,"1,633",,,,,,
Blackstone,-,1,713,488,"1,252",,,,,,
Blackstone,-,2,759,616,"1,420",,,,,,
Blackstone,-,3,757,781,"1,598",,,,,,
Blandford,-,1,339,344,701,,,,,,
Bolton,-,1,"1,598","1,214","2,895",,,,,,
Boston,1,1,498,198,715,,,,,,
Boston,1,2,355,147,513,,,,,,
Boston,1,3,796,229,"1,062",,,,,,
Boston,1,4,194,99,302,,,,,,
Boston,1,5,372,175,572,,,,,,
Boston,1,6,345,140,509,,,,,,
Boston,1,7,446,164,627,,,,,,
Boston,1,8,569,204,790,,,,,,
Boston,1,9,350,128,492,,,,,,
Boston,1,10,242,94,345,,,,,,
Boston,1,11,476,351,856,,,,,,
Boston,1,12,505,394,920,,,,,,
Boston,1,13,665,339,"1,035",,,,,,
Boston,1,14,336,204,557,,,,,,
Boston,1,15,0,0,0,,,,,,
Boston,2,1,859,468,"1,361",,,,,,
Boston,2,2,"1,022",395,"1,446",,,,,,
Boston,2,3,773,334,"1,125",,,,,,
Boston,2,4,632,265,914,,,,,,
Boston,2,5,734,400,"1,152",,,,,,
Boston,2,6,809,475,"1,319",,,,,,
Boston,2,7,534,349,912,,,,,,
Boston,3,1,"1,556",650,"2,251",,,,,,
Boston,3,2,711,305,"1,043",,,,,,
Boston,3,3,717,259,"1,011",,,,,,
Boston,3,4,710,348,"1,086",,,,,,
Boston,3,5,"1,325",458,"1,832",,,,,,
Boston,3,6,"1,512",570,"2,133",,,,,,
Boston,3,7,"2,002",258,"2,293",,,,,,
Boston,3,8,"1,570",460,"2,101",,,,,,
Boston,4,1,"1,186",210,"1,420",,,,,,
Boston,4,2,"1,423",358,"1,812",,,,,,
Boston,4,3,801,105,921,,,,,,
Boston,4,4,"1,214",156,"1,393",,,,,,
Boston,4,5,803,191,"1,017",,,,,,
Boston,4,6,726,146,897,,,,,,
Boston,4,7,819,143,997,,,,,,
Boston,4,8,664,134,826,,,,,,
Boston,4,9,463,31,500,,,,,,
Boston,4,10,395,56,461,,,,,,
Boston,5,1,"1,900",361,"2,301",,,,,,
Boston,5,2,"1,205",225,"1,475",,,,,,
Boston,5,3,988,304,"1,317",,,,,,
Boston,5,4,"1,217",274,"1,519",,,,,,
Boston,5,5,389,109,505,,,,,,
Boston,5,6,835,329,"1,189",,,,,,
Boston,5,7,"1,143",377,"1,552",,,,,,
Boston,5,8,"1,063",328,"1,420",,,,,,
Boston,5,9,"1,429",414,"1,881",,,,,,
Boston,5,10,"1,041",242,"1,316",,,,,,
Boston,5,11,643,195,851,,,,,,
Boston,6,1,"1,216",379,"1,628",,,,,,
Boston,6,2,488,254,761,,,,,,
Boston,6,3,589,339,952,,,,,,
Boston,6,4,645,370,"1,050",,,,,,
Boston,6,5,552,427,994,,,,,,
Boston,6,6,503,467,989,,,,,,
Boston,6,7,540,419,980,,,,,,
Boston,6,8,512,468,"1,011",,,,,,
Boston,6,9,467,532,"1,018",,,,,,
Boston,7,1,467,440,934,,,,,,
Boston,7,2,548,561,"1,138",,,,,,
Boston,7,3,688,602,"1,337",,,,,,
Boston,7,4,633,394,"1,049",,,,,,
Boston,7,5,497,260,774,,,,,,
Boston,7,6,607,222,850,,,,,,
Boston,7,7,461,117,592,,,,,,
Boston,7,8,338,214,574,,,,,,
Boston,7,9,495,171,680,,,,,,
Boston,7,10,689,47,746,,,,,,
Boston,8,1,508,35,553,,,,,,
Boston,8,2,"1,036",125,"1,183",,,,,,
Boston,8,3,682,24,716,,,,,,
Boston,8,4,390,8,406,,,,,,
Boston,8,5,813,23,844,,,,,,
Boston,8,6,265,21,292,,,,,,
Boston,8,7,503,16,526,,,,,,
Boston,9,1,981,75,"1,073",,,,,,
Boston,9,2,"1,192",141,"1,351",,,,,,
Boston,9,3,"1,525",75,"1,624",,,,,,
Boston,9,4,"1,024",41,"1,075",,,,,,
Boston,9,5,"1,180",13,"1,208",,,,,,
Boston,10,1,475,65,552,,,,,,
Boston,10,2,573,66,662,,,,,,
Boston,10,3,546,79,647,,,,,,
Boston,10,4,857,171,"1,055",,,,,,
Boston,10,5,645,78,749,,,,,,
Boston,10,6,653,51,725,,,,,,
Boston,10,7,944,48,"1,007",,,,,,
Boston,10,8,904,94,"1,015",,,,,,
Boston,10,9,"1,131",124,"1,287",,,,,,
Boston,11,1,536,14,562,,,,,,
Boston,11,2,826,19,854,,,,,,
Boston,11,3,730,15,750,,,,,,
Boston,11,4,950,53,"1,026",,,,,,
Boston,11,5,871,37,918,,,,,,
Boston,11,6,699,56,786,,,,,,
Boston,11,7,978,64,"1,071",,,,,,
Boston,11,8,982,89,"1,095",,,,,,
Boston,11,9,605,60,695,,,,,,
Boston,11,10,844,59,923,,,,,,
Boston,12,1,991,13,"1,008",,,,,,
Boston,12,2,"1,321",13,"1,343",,,,,,
Boston,12,3,603,14,626,,,,,,
Boston,12,4,609,11,624,,,,,,
Boston,12,5,536,6,546,,,,,,
Boston,12,6,505,8,515,,,,,,
Boston,12,7,"1,323",24,"1,361",,,,,,
Boston,12,8,457,10,471,,,,,,
Boston,12,9,605,3,609,,,,,,
Boston,13,1,773,21,797,,,,,,
Boston,13,2,293,11,306,,,,,,
Boston,13,3,830,103,948,,,,,,
Boston,13,4,547,22,572,,,,,,
Boston,13,5,470,25,508,,,,,,
Boston,13,6,674,127,815,,,,,,
Boston,13,7,510,197,723,,,,,,
Boston,13,8,488,210,717,,,,,,
Boston,13,9,584,172,771,,,,,,
Boston,13,10,773,392,"1,198",,,,,,
Boston,14,1,"1,168",26,"1,206",,,,,,
Boston,14,2,"1,417",21,"1,445",,,,,,
Boston,14,3,728,5,738,,,,,,
Boston,14,4,850,28,888,,,,,,
Boston,14,5,621,10,634,,,,,,
Boston,14,6,598,10,613,,,,,,
Boston,14,7,689,13,717,,,,,,
Boston,14,8,670,8,682,,,,,,
Boston,14,9,631,13,653,,,,,,
Boston,14,10,709,19,733,,,,,,
Boston,14,11,519,13,536,,,,,,
Boston,14,12,455,3,463,,,,,,
Boston,14,13,633,7,643,,,,,,
Boston,14,14,750,12,766,,,,,,
Boston,15,1,820,38,868,,,,,,
Boston,15,2,559,11,575,,,,,,
Boston,15,3,320,17,339,,,,,,
Boston,15,4,865,113,989,,,,,,
Boston,15,5,686,17,707,,,,,,
Boston,15,6,272,161,444,,,,,,
Boston,15,7,504,24,535,,,,,,
Boston,15,8,417,102,530,,,,,,
Boston,15,9,448,119,582,,,,,,
Boston,16,1,446,146,607,,,,,,
Boston,16,2,289,159,459,,,,,,
Boston,16,3,696,164,881,,,,,,
Boston,16,4,578,167,753,,,,,,
Boston,16,5,612,237,865,,,,,,
Boston,16,6,841,193,"1,051",,,,,,
Boston,16,7,508,362,888,,,,,,
Boston,16,8,616,274,911,,,,,,
Boston,16,9,478,509,"1,023",,,,,,
Boston,16,10,407,305,726,,,,,,
Boston,16,11,635,323,976,,,,,,
Boston,16,12,489,456,968,,,,,,
Boston,17,1,678,20,698,,,,,,
Boston,17,2,457,41,505,,,,,,
Boston,17,3,996,56,"1,069",,,,,,
Boston,17,4,"1,123",147,"1,277",,,,,,
Boston,17,5,468,9,482,,,,,,
Boston,17,6,735,56,803,,,,,,
Boston,17,7,408,7,418,,,,,,
Boston,17,8,671,16,693,,,,,,
Boston,17,9,572,57,644,,,,,,
Boston,17,10,889,30,923,,,,,,
Boston,17,11,314,21,337,,,,,,
Boston,17,12,582,48,649,,,,,,
Boston,17,13,752,218,988,,,,,,
Boston,17,14,606,84,699,,,,,,
Boston,18,1,"1,222",35,"1,267",,,,,,
Boston,18,2,896,14,919,,,,,,
Boston,18,3,"1,088",15,"1,107",,,,,,
Boston,18,4,"1,018",23,"1,052",,,,,,
Boston,18,5,"1,058",32,"1,096",,,,,,
Boston,18,6,"1,172",57,"1,236",,,,,,
Boston,18,7,754,120,889,,,,,,
Boston,18,8,"1,449",169,"1,638",,,,,,
Boston,18,9,700,225,950,,,,,,
Boston,18,10,"1,099",273,"1,410",,,,,,
Boston,18,11,748,98,852,,,,,,
Boston,18,12,770,254,"1,043",,,,,,
Boston,18,13,498,70,579,,,,,,
Boston,18,14,517,76,600,,,,,,
Boston,18,15,828,58,896,,,,,,
Boston,18,16,733,403,"1,156",,,,,,
Boston,18,17,750,221,983,,,,,,
Boston,18,18,914,263,"1,202",,,,,,
Boston,18,19,"1,077",307,"1,415",,,,,,
Boston,18,20,831,508,"1,376",,,,,,
Boston,18,21,"1,286",21,"1,314",,,,,,
Boston,18,22,791,359,"1,176",,,,,,
Boston,18,23,680,50,738,,,,,,
Boston,19,1,904,39,974,,,,,,
Boston,19,2,946,341,"1,315",,,,,,
Boston,19,3,766,91,868,,,,,,
Boston,19,4,"1,040",77,"1,145",,,,,,
Boston,19,5,900,114,"1,042",,,,,,
Boston,19,6,"1,227",76,"1,340",,,,,,
Boston,19,7,999,120,"1,158",,,,,,
Boston,19,8,604,69,686,,,,,,
Boston,19,9,559,58,627,,,,,,
Boston,19,10,907,203,"1,142",,,,,,
Boston,19,11,659,47,716,,,,,,
Boston,19,12,615,118,750,,,,,,
Boston,19,13,614,122,750,,,,,,
Boston,20,1,860,279,"1,166",,,,,,
Boston,20,2,827,245,"1,109",,,,,,
Boston,20,3,694,390,"1,127",,,,,,
Boston,20,4,718,174,908,,,,,,
Boston,20,5,682,443,"1,164",,,,,,
Boston,20,6,817,450,"1,310",,,,,,
Boston,20,7,481,246,754,,,,,,
Boston,20,8,602,205,817,,,,,,
Boston,20,9,636,265,921,,,,,,
Boston,20,10,758,566,"1,349",,,,,,
Boston,20,11,410,205,632,,,,,,
Boston,20,12,507,328,864,,,,,,
Boston,20,13,438,292,745,,,,,,
Boston,20,14,426,332,778,,,,,,
Boston,20,15,712,481,"1,228",,,,,,
Boston,20,16,708,567,"1,322",,,,,,
Boston,20,17,801,596,"1,436",,,,,,
Boston,20,18,460,244,722,,,,,,
Boston,20,19,468,324,811,,,,,,
Boston,20,20,782,417,"1,226",,,,,,
Boston,21,1,979,157,"1,167",,,,,,
Boston,21,2,578,65,650,,,,,,
Boston,21,3,675,107,802,,,,,,
Boston,21,4,534,56,621,,,,,,
Boston,21,5,680,97,806,,,,,,
Boston,21,6,564,102,696,,,,,,
Boston,21,7,662,130,812,,,,,,
Boston,21,8,867,126,"1,023",,,,,,
Boston,21,9,846,152,"1,024",,,,,,
Boston,21,10,602,160,781,,,,,,
Boston,21,11,759,205,990,,,,,,
Boston,21,12,796,302,"1,133",,,,,,
Boston,21,13,839,475,"1,379",,,,,,
Boston,21,14,513,89,612,,,,,,
Boston,21,15,693,98,814,,,,,,
Boston,21,16,903,221,"1,153",,,,,,
Boston,22,1,"1,010",230,"1,283",,,,,,
Boston,22,2,875,209,"1,126",,,,,,
Boston,22,3,767,257,"1,050",,,,,,
Boston,22,4,565,152,753,,,,,,
Boston,22,5,424,132,574,,,,,,
Boston,22,6,499,142,659,,,,,,
Boston,22,7,752,161,936,,,,,,
Boston,22,8,619,275,921,,,,,,
Boston,22,9,587,200,808,,,,,,
Boston,22,10,799,229,"1,070",,,,,,
Boston,22,11,493,172,680,,,,,,
Boston,22,12,500,168,688,,,,,,
Boston,22,13,378,157,550,,,,,,
Bourne,-,1,823,842,"1,710",,,,,,
Bourne,-,2,907,947,"1,907",,,,,,
Bourne,-,3,669,629,"1,323",,,,,,
Bourne,-,4,"1,005",872,"1,924",,,,,,
Bourne,-,5,977,923,"1,949",,,,,,
Bourne,-,6,695,646,"1,366",,,,,,
Boxborough,-,1,"1,798",996,"2,866",,,,,,
Boxford,-,1,744,795,"1,572",,,,,,
Boxford,-,2,797,945,"1,785",,,,,,
Boxford,-,3,745,846,"1,624",,,,,,
Boylston,-,1,"1,352","1,215","2,649",,,,,,
Braintree,-,1,767,842,"1,668",,,,,,
Braintree,-,2,781,714,"1,543",,,,,,
Braintree,-,3,808,718,"1,562",,,,,,
Braintree,-,4,815,788,"1,643",,,,,,
Braintree,-,5,743,849,"1,652",,,,,,
Braintree,-,6,725,576,"1,346",,,,,,
Braintree,-,7,821,637,"1,507",,,,,,
Braintree,-,8,655,540,"1,228",,,,,,
Braintree,-,9,927,882,"1,866",,,,,,
Braintree,-,10,744,735,"1,532",,,,,,
Braintree,-,11,780,853,"1,679",,,,,,
Braintree,-,12,732,830,"1,606",,,,,,
Brewster,-,1,"1,311",835,"2,231",,,,,,
Brewster,-,2,"1,324",855,"2,249",,,,,,
Brewster,-,3,"1,268",845,"2,187",,,,,,
Bridgewater,-,1,"1,103","1,122","2,294",,,,,,
Bridgewater,-,2,"1,022","1,126","2,203",,,,,,
Bridgewater,-,3,"1,096","1,211","2,363",,,,,,
Bridgewater,-,4,395,346,766,,,,,,
Bridgewater,-,5,480,443,959,,,,,,
Bridgewater,-,6,857,717,"1,637",,,,,,
Bridgewater,-,7,936,896,"1,888",,,,,,
Brimfield,-,1,984,979,"2,049",,,,,,
Brockton,1,A,743,273,"1,040",,,,,,
Brockton,1,B,988,495,"1,528",,,,,,
Brockton,1,C,774,366,"1,170",,,,,,
Brockton,1,D,"1,004",724,"1,778",,,,,,
Brockton,2,A,681,78,770,,,,,,
Brockton,2,B,662,103,772,,,,,,
Brockton,2,C,585,73,663,,,,,,
Brockton,2,D,814,326,"1,175",,,,,,
Brockton,3,A,727,239,983,,,,,,
Brockton,3,B,840,167,"1,023",,,,,,
Brockton,3,C,949,671,"1,666",,,,,,
Brockton,3,D,927,644,"1,612",,,,,,
Brockton,4,A,608,110,734,,,,,,
Brockton,4,B,844,342,"1,220",,,,,,
Brockton,4,C,937,420,"1,392",,,,,,
Brockton,4,D,955,409,"1,395",,,,,,
Brockton,5,A,841,151,"1,021",,,,,,
Brockton,5,B,951,394,"1,378",,,,,,
Brockton,5,C,850,247,"1,127",,,,,,
Brockton,5,D,898,474,"1,420",,,,,,
Brockton,6,A,718,266,"1,007",,,,,,
Brockton,6,B,813,498,"1,351",,,,,,
Brockton,6,C,824,436,"1,296",,,,,,
Brockton,6,D,887,570,"1,486",,,,,,
Brockton,7,A,774,159,944,,,,,,
Brockton,7,B,954,293,"1,275",,,,,,
Brockton,7,C,900,276,"1,200",,,,,,
Brockton,7,D,851,442,"1,327",,,,,,
Brookfield,-,1,875,829,"1,770",,,,,,
Brookline,-,1,"1,356",246,"1,636",,,,,,
Brookline,-,2,"1,025",208,"1,267",,,,,,
Brookline,-,3,"1,464",245,"1,737",,,,,,
Brookline,-,4,"1,202",298,"1,534",,,,,,
Brookline,-,5,"1,378",234,"1,660",,,,,,
Brookline,-,6,"1,516",194,"1,740",,,,,,
Brookline,-,7,"1,451",287,"1,778",,,,,,
Brookline,-,8,"1,457",209,"1,698",,,,,,
Brookline,-,9,"1,401",275,"1,730",,,,,,
Brookline,-,10,"1,387",306,"1,733",,,,,,
Brookline,-,11,"1,532",282,"1,866",,,,,,
Brookline,-,12,"1,564",311,"1,912",,,,,,
Brookline,-,13,"1,436",291,"1,763",,,,,,
Brookline,-,14,"1,520",439,"2,008",,,,,,
Brookline,-,15,"1,415",568,"2,033",,,,,,
Brookline,-,16,"1,380",449,"1,876",,,,,,
Buckland,-,1,785,249,"1,078",,,,,,
Burlington,-,1,"1,168","1,073","2,281",,,,,,
Burlington,-,2,"1,074",801,"1,929",,,,,,
Burlington,-,3,"1,323","1,088","2,476",,,,,,
Burlington,-,4,983,738,"1,775",,,,,,
Burlington,-,5,"1,183","1,002","2,245",,,,,,
Burlington,-,6,"1,091","1,001","2,149",,,,,,
Cambridge,1,1,"1,275",317,"1,644",,,,,,
Cambridge,1,2,"1,042",230,"1,305",,,,,,
Cambridge,1,3,"1,041",243,"1,325",,,,,,
Cambridge,2,1,"1,288",80,"1,392",,,,,,
Cambridge,2,2,342,42,397,,,,,,
Cambridge,2,3,307,58,384,,,,,,
Cambridge,3,1,996,175,"1,212",,,,,,
Cambridge,3,2,"1,279",105,"1,436",,,,,,
Cambridge,3,3,"1,056",64,"1,148",,,,,,
Cambridge,4,1,"1,501",81,"1,612",,,,,,
Cambridge,4,2,"1,604",127,"1,771",,,,,,
Cambridge,4,3,637,71,728,,,,,,
Cambridge,5,1,"1,603",134,"1,775",,,,,,
Cambridge,5,2,"1,540",109,"1,682",,,,,,
Cambridge,5,3,"1,623",159,"1,840",,,,,,
Cambridge,6,1,"1,486",142,"1,675",,,,,,
Cambridge,6,2,"1,372",128,"1,535",,,,,,
Cambridge,6,3,"1,555",153,"1,744",,,,,,
Cambridge,7,1,"1,460",112,"1,603",,,,,,
Cambridge,7,2,764,70,863,,,,,,
Cambridge,7,3,534,60,610,,,,,,
Cambridge,8,1,"1,068",99,"1,189",,,,,,
Cambridge,8,2,"1,501",150,"1,692",,,,,,
Cambridge,8,3,401,29,444,,,,,,
Cambridge,9,1,"1,663",180,"1,880",,,,,,
Cambridge,9,2,"1,578",301,"1,925",,,,,,
Cambridge,9,3,"1,478",275,"1,792",,,,,,
Cambridge,10,1,"1,763",174,"1,978",,,,,,
Cambridge,10,2,"1,709",165,"1,908",,,,,,
Cambridge,10,3,"1,176",79,"1,288",,,,,,
Cambridge,11,1,"1,102",58,"1,175",,,,,,
Cambridge,11,2,"1,514",259,"1,822",,,,,,
Cambridge,11,3,"1,618",268,"1,953",,,,,,
Canton,-,1,"1,054",793,"1,888",,,,,,
Canton,-,2,"1,182",883,"2,110",,,,,,
Canton,-,3,"1,101",883,"2,038",,,,,,
Canton,-,4,"1,014","1,066","2,129",,,,,,
Canton,-,5,"1,067",983,"2,098",,,,,,
Canton,-,6,"1,042",788,"1,881",,,,,,
Carlisle,-,1,"2,116","1,053","3,246",,,,,,
Carver,-,1,"1,025",964,"2,097",,,,,,
Carver,-,2,944,980,"2,023",,,,,,
Carver,-,3,968,957,"2,057",,,,,,
Charlemont,-,1,486,175,694,,,,,,
Charlton,-,1,944,"1,093","2,099",,,,,,
Charlton,-,2,902,"1,200","2,169",,,,,,
Charlton,-,3,"1,037","1,118","2,218",,,,,,
Chatham,-,1,"1,202","1,016","2,275",,,,,,
Chatham,-,2,"1,383","1,100","2,527",,,,,,
Chelmsford,-,1,"1,087",949,"2,094",,,,,,
Chelmsford,-,2,"1,071",772,"1,904",,,,,,
Chelmsford,-,3,"1,092",946,"2,090",,,,,,
Chelmsford,-,4,"1,005",886,"1,942",,,,,,
Chelmsford,-,5,"1,165",932,"2,158",,,,,,
Chelmsford,-,6,"1,284",989,"2,341",,,,,,
Chelmsford,-,7,"1,251","1,126","2,423",,,,,,
Chelmsford,-,8,"1,215","1,064","2,340",,,,,,
Chelmsford,-,9,"1,190","1,048","2,291",,,,,,
Chelsea,1,1,286,68,365,,,,,,
Chelsea,1,2,224,50,282,,,,,,
Chelsea,1,3,294,71,385,,,,,,
Chelsea,1,4,274,72,363,,,,,,
Chelsea,2,1,673,251,958,,,,,,
Chelsea,2,2,298,49,360,,,,,,
Chelsea,2,3,226,38,275,,,,,,
Chelsea,2,4,296,58,368,,,,,,
Chelsea,3,1,304,92,410,,,,,,
Chelsea,3,2,472,105,612,,,,,,
Chelsea,3,3,419,105,545,,,,,,
Chelsea,3,4,371,120,505,,,,,,
Chelsea,4,1,543,194,781,,,,,,
Chelsea,4,2,500,250,780,,,,,,
Chelsea,4,3,453,207,678,,,,,,
Chelsea,4,4,293,90,407,,,,,,
Cheshire,-,1,"1,318",508,"1,896",,,,,,
Chester,-,1,369,310,709,,,,,,
Chesterfield,-,1,444,265,736,,,,,,
Chicopee,1,A,824,567,"1,446",,,,,,
Chicopee,1,B,956,601,"1,643",,,,,,
Chicopee,2,A,306,106,421,,,,,,
Chicopee,2,B,399,179,605,,,,,,
Chicopee,2,CN,90,74,172,,,,,,
Chicopee,2,CS,228,61,295,,,,,,
Chicopee,2,D,407,312,759,,,,,,
Chicopee,3,AE,224,135,372,,,,,,
Chicopee,3,AW,441,296,772,,,,,,
Chicopee,3,B,420,121,569,,,,,,
Chicopee,3,C,464,196,684,,,,,,
Chicopee,4,A,460,277,776,,,,,,
Chicopee,4,B,454,215,705,,,,,,
Chicopee,4,C,601,419,"1,058",,,,,,
Chicopee,5,A,722,436,"1,193",,,,,,
Chicopee,5,B,845,456,"1,353",,,,,,
Chicopee,6,AN,227,133,373,,,,,,
Chicopee,6,AS,557,360,946,,,,,,
Chicopee,6,BE,699,601,"1,364",,,,,,
Chicopee,6,BW,191,116,322,,,,,,
Chicopee,7,A,721,296,"1,072",,,,,,
Chicopee,7,B,695,336,"1,083",,,,,,
Chicopee,8,A,760,448,"1,273",,,,,,
Chicopee,8,B,719,450,"1,244",,,,,,
Chicopee,9,A,820,497,"1,382",,,,,,
Chicopee,9,B,942,580,"1,596",,,,,,
Chilmark,-,1,597,125,742,,,,,,
Clarksburg,-,1,635,236,905,,,,,,
Clinton,-,1,"1,105",730,"1,901",,,,,,
Clinton,-,2,766,517,"1,346",,,,,,
Clinton,-,3,899,762,"1,721",,,,,,
Clinton,-,4,931,554,"1,538",,,,,,
Cohasset,-,1,"1,221","1,109","2,369",,,,,,
Cohasset,-,2,"1,162","1,047","2,260",,,,,,
Colrain,-,1,654,245,943,,,,,,
Concord,-,1,"1,149",463,"1,643",,,,,,
Concord,-,2,"1,619",619,"2,292",,,,,,
Concord,-,3,"1,500",669,"2,221",,,,,,
Concord,-,4,"1,507",604,"2,162",,,,,,
Concord,-,5,"1,660",548,"2,264",,,,,,
Conway,-,1,952,273,"1,258",,,,,,
Cummington,-,1,376,148,541,,,,,,
Dalton,-,1,"1,261",441,"1,749",,,,,,
Dalton,-,2,"1,298",475,"1,818",,,,,,
Danvers,-,1,934,652,"1,632",,,,,,
Danvers,-,2,"1,017",738,"1,811",,,,,,
Danvers,-,3,841,722,"1,616",,,,,,
Danvers,-,4,890,752,"1,690",,,,,,
Danvers,-,5,915,790,"1,752",,,,,,
Danvers,-,6,961,854,"1,866",,,,,,
Danvers,-,7,871,731,"1,662",,,,,,
Danvers,-,8,"1,129",854,"2,021",,,,,,
Dartmouth,-,1,926,645,"1,614",,,,,,
Dartmouth,-,2,671,460,"1,172",,,,,,
Dartmouth,-,3,"1,122",338,"1,498",,,,,,
Dartmouth,-,4,"1,007",544,"1,609",,,,,,
Dartmouth,-,5,"1,066",730,"1,848",,,,,,
Dartmouth,-,6,"1,089",534,"1,689",,,,,,
Dartmouth,-,7,"1,108",639,"1,789",,,,,,
Dartmouth,-,8,"1,053",473,"1,577",,,,,,
Dartmouth,-,9,"1,198",802,"2,052",,,,,,
Dartmouth,-,10,"1,202",711,"1,962",,,,,,
Dedham,-,1,"1,027",707,"1,789",,,,,,
Dedham,-,2,"1,061",729,"1,842",,,,,,
Dedham,-,3,892,599,"1,549",,,,,,
Dedham,-,4,"1,256",888,"2,205",,,,,,
Dedham,-,5,920,767,"1,748",,,,,,
Dedham,-,6,905,696,"1,654",,,,,,
Dedham,-,7,"1,047",975,"2,070",,,,,,
Deerfield,-,1,"2,198",786,"3,075",,,,,,
Dennis,-,1,"1,102",940,"2,108",,,,,,
Dennis,-,2,"1,093",920,"2,078",,,,,,
Dennis,-,3,844,650,"1,541",,,,,,
Dennis,-,4,"1,069",821,"1,935",,,,,,
Dennis,-,5,"1,101",767,"1,911",,,,,,
Dighton,-,1,"1,732","1,719","3,598",,,,,,
Douglas,-,1,926,"1,085","2,071",,,,,,
Douglas,-,2,"1,036","1,150","2,251",,,,,,
Dover,-,1,"1,741","1,614","3,428",,,,,,
Dracut,-,1,873,813,"1,733",,,,,,
Dracut,-,2,712,677,"1,425",,,,,,
Dracut,-,3,792,821,"1,652",,,,,,
Dracut,-,4,832,981,"1,855",,,,,,
Dracut,-,5,724,801,"1,560",,,,,,
Dracut,-,6,757,670,"1,471",,,,,,
Dracut,-,6A,42,20,67,,,,,,
Dracut,-,7,739,723,"1,502",,,,,,
Dracut,-,8,941,958,"1,949",,,,,,
Dracut,-,9,804,820,"1,670",,,,,,
Dudley,-,1,625,557,"1,223",,,,,,
Dudley,-,2,556,502,"1,093",,,,,,
Dudley,-,3,777,790,"1,621",,,,,,
Dudley,-,4,567,517,"1,128",,,,,,
Dunstable,-,1,916,892,"1,866",,,,,,
Duxbury,-,1,848,720,"1,597",,,,,,
Duxbury,-,2,933,899,"1,862",,,,,,
Duxbury,-,3,785,784,"1,603",,,,,,
Duxbury,-,4,720,678,"1,431",,,,,,
Duxbury,-,5,713,685,"1,430",,,,,,
Duxbury,-,6,777,713,"1,527",,,,,,
E. Bridgewater,-,1,774,872,"1,699",,,,,,
E. Bridgewater,-,2,809,988,"1,842",,,,,,
E. Bridgewater,-,3,916,989,"1,945",,,,,,
E. Bridgewater,-,4,833,857,"1,738",,,,,,
E. Brookfield,-,1,506,651,"1,184",,,,,,
E. Longmeadow,-,1,"1,065",913,"2,037",,,,,,
E. Longmeadow,-,2,"1,028",858,"1,948",,,,,,
E. Longmeadow,-,3,"1,120","1,150","2,326",,,,,,
E. Longmeadow,-,4,"1,083","1,188","2,329",,,,,,
Eastham,-,1,"2,349","1,416","3,843",,,,,,
Easthampton,-,1,"1,226",514,"1,790",,,,,,
Easthampton,-,2,"1,221",372,"1,659",,,,,,
Easthampton,-,3,"1,185",329,"1,577",,,,,,
Easthampton,-,4,"1,399",516,"1,968",,,,,,
Easthampton,-,5,"1,183",679,"1,935",,,,,,
Easton,-,1,671,651,"1,356",,,,,,
Easton,-,2,"1,124","1,039","2,230",,,,,,
Easton,-,3,"1,064",881,"1,994",,,,,,
Easton,-,4,"1,017","1,011","2,080",,,,,,
Easton,-,5,"1,193","1,052","2,294",,,,,,
Easton,-,6,"1,042","1,033","2,106",,,,,,
Edgartown,-,1,"1,692",719,"2,472",,,,,,
Egremont,-,1,658,170,847,,,,,,
Erving,-,1,565,216,806,,,,,,
Essex,-,1,"1,220",947,"2,209",,,,,,
Everett,1,1,464,244,733,,,,,,
Everett,1,2,385,173,580,,,,,,
Everett,1,3,392,216,626,,,,,,
Everett,2,1,481,212,720,,,,,,
Everett,2,2,431,202,654,,,,,,
Everett,2,3,445,170,643,,,,,,
Everett,3,1,578,365,"1,001",,,,,,
Everett,3,2,432,177,639,,,,,,
Everett,3,3,484,258,775,,,,,,
Everett,4,1,519,315,861,,,,,,
Everett,4,2,465,192,690,,,,,,
Everett,4,3,432,227,684,,,,,,
Everett,5,1,558,255,845,,,,,,
Everett,5,2,408,217,650,,,,,,
Everett,5,3,446,201,677,,,,,,
Everett,6,1,503,259,783,,,,,,
Everett,6,2,443,249,710,,,,,,
Everett,6,3,472,208,712,,,,,,
Fairhaven,-,1,877,488,"1,415",,,,,,
Fairhaven,-,2,930,525,"1,510",,,,,,
Fairhaven,-,3,822,412,"1,275",,,,,,
Fairhaven,-,4,883,455,"1,385",,,,,,
Fairhaven,-,5,888,495,"1,426",,,,,,
Fairhaven,-,6,899,539,"1,497",,,,,,
Fall River,1,A,907,360,"1,314",,,,,,
Fall River,1,B,707,275,"1,036",,,,,,
Fall River,1,C,662,248,958,,,,,,
Fall River,1,D,787,284,"1,127",,,,,,
Fall River,2,A,684,214,930,,,,,,
Fall River,2,B,673,200,915,,,,,,
Fall River,2,C,851,249,"1,133",,,,,,
Fall River,3,A,879,315,"1,232",,,,,,
Fall River,3,B,991,303,"1,340",,,,,,
Fall River,3,C,891,304,"1,240",,,,,,
Fall River,4,A,758,237,"1,027",,,,,,
Fall River,4,B,649,164,847,,,,,,
Fall River,4,C,778,161,996,,,,,,
Fall River,5,A,522,102,655,,,,,,
Fall River,5,B,509,141,685,,,,,,
Fall River,5,C,587,115,738,,,,,,
Fall River,6,A,918,389,"1,350",,,,,,
Fall River,6,B,719,164,913,,,,,,
Fall River,6,C,718,291,"1,049",,,,,,
Fall River,7,A,504,128,663,,,,,,
Fall River,7,B,546,253,873,,,,,,
Fall River,7,C,517,185,727,,,,,,
Fall River,7,D,628,174,831,,,,,,
Fall River,8,A,546,214,797,,,,,,
Fall River,8,B,845,432,"1,323",,,,,,
Fall River,8,C,894,368,"1,314",,,,,,
Fall River,8,D,649,250,936,,,,,,
Fall River,9,A,"1,320",651,"2,045",,,,,,
Fall River,9,B,915,341,"1,325",,,,,,
Fall River,9,C,"1,037",421,"1,509",,,,,,
Falmouth,-,1,"1,650",592,"2,282",,,,,,
Falmouth,-,2,"1,262",682,"2,003",,,,,,
Falmouth,-,3,"1,227",895,"2,185",,,,,,
Falmouth,-,4,"1,251",836,"2,131",,,,,,
Falmouth,-,5,"1,372","1,040","2,473",,,,,,
Falmouth,-,6,"1,354",811,"2,210",,,,,,
Falmouth,-,7,"1,132",868,"2,051",,,,,,
Falmouth,-,8,"1,293",997,"2,331",,,,,,
Falmouth,-,9,"1,184",782,"2,020",,,,,,
Fitchburg,1,A,658,337,"1,028",,,,,,
Fitchburg,1,B,746,441,"1,225",,,,,,
Fitchburg,2,A,532,278,835,,,,,,
Fitchburg,2,B,693,405,"1,142",,,,,,
Fitchburg,3,A,"1,194",886,"2,140",,,,,,
Fitchburg,3,B,813,589,"1,456",,,,,,
Fitchburg,4,A,507,368,903,,,,,,
Fitchburg,4,B,519,237,780,,,,,,
Fitchburg,5,A,946,796,"1,793",,,,,,
Fitchburg,5,B,473,218,722,,,,,,
Fitchburg,6,A,856,518,"1,419",,,,,,
Fitchburg,6,B,659,305,989,,,,,,
Florida,-,1,267,147,430,,,,,,
Foxborough,-,1,905,751,"1,705",,,,,,
Foxborough,-,2,974,853,"1,862",,,,,,
Foxborough,-,3,957,911,"1,928",,,,,,
Foxborough,-,4,959,825,"1,828",,,,,,
Foxborough,-,5,907,876,"1,826",,,,,,
Framingham,-,1,"1,342",749,"2,147",,,,,,
Framingham,-,2,"1,422",751,"2,217",,,,,,
Framingham,-,3,"1,188",604,"1,838",,,,,,
Framingham,-,4,"1,436",763,"2,258",,,,,,
Framingham,-,5,"1,342",680,"2,081",,,,,,
Framingham,-,6,"1,305",680,"2,045",,,,,,
Framingham,-,7,"1,164",624,"1,848",,,,,,
Framingham,-,8,"1,225",504,"1,786",,,,,,
Framingham,-,9,865,385,"1,280",,,,,,
Framingham,-,10,748,320,"1,097",,,,,,
Framingham,-,11,"1,430",795,"2,291",,,,,,
Framingham,-,12,669,318,"1,013",,,,,,
Framingham,-,13,887,359,"1,290",,,,,,
Framingham,-,14,680,218,947,,,,,,
Framingham,-,15,756,274,"1,050",,,,,,
Framingham,-,16,326,129,476,,,,,,
Framingham,-,17,477,75,569,,,,,,
Framingham,-,18,577,236,852,,,,,,
Franklin,-,1,"1,030",838,"1,937",,,,,,
Franklin,-,2,"1,059",938,"2,047",,,,,,
Franklin,-,3,"1,120",797,"1,981",,,,,,
Franklin,-,4,"1,124","1,075","2,255",,,,,,
Franklin,-,5,"1,130",915,"2,103",,,,,,
Franklin,-,6,"1,092",850,"1,994",,,,,,
Franklin,-,7,"1,109","1,041","2,202",,,,,,
Franklin,-,8,"1,136","1,081","2,274",,,,,,
Freetown,-,1,769,771,"1,610",,,,,,
Freetown,-,2,816,703,"1,596",,,,,,
Freetown,-,3,820,754,"1,632",,,,,,
Gardner,1,A,573,430,"1,025",,,,,,
Gardner,1,B,408,293,736,,,,,,
Gardner,1,C,110,67,185,,,,,,
Gardner,2,A,479,287,792,,,,,,
Gardner,2,B,568,389,991,,,,,,
Gardner,3,A,412,217,657,,,,,,
Gardner,3,B,581,310,933,,,,,,
Gardner,4,A,453,304,785,,,,,,
Gardner,4,B,343,204,576,,,,,,
Gardner,5,A,468,258,758,,,,,,
Gardner,5,B,541,412,990,,,,,,
Georgetown,-,1,"1,218","1,138","2,412",,,,,,
Georgetown,-,2,"1,140","1,133","2,334",,,,,,
Gill,-,1,672,220,919,,,,,,
Gloucester,1,1,"1,205",585,"1,860",,,,,,
Gloucester,1,2,959,510,"1,536",,,,,,
Gloucester,2,1,775,367,"1,175",,,,,,
Gloucester,2,2,833,313,"1,194",,,,,,
Gloucester,3,1,815,426,"1,290",,,,,,
Gloucester,3,2,864,468,"1,404",,,,,,
Gloucester,4,1,"1,012",587,"1,656",,,,,,
Gloucester,4,2,"1,367",561,"1,993",,,,,,
Gloucester,5,1,"1,041",636,"1,740",,,,,,
Gloucester,5,2,"1,096",660,"1,836",,,,,,
Goshen,-,1,403,185,612,,,,,,
Gosnold,-,1,52,26,80,,,,,,
Grafton,-,1,943,834,"1,825",,,,,,
Grafton,-,2,"1,373","1,226","2,671",,,,,,
Grafton,-,3,"1,203","1,020","2,286",,,,,,
Grafton,-,4,"1,203",977,"2,245",,,,,,
Granby,-,1,"1,967","1,502","3,584",,,,,,
Granville,-,1,381,462,879,,,,,,
Great Barrington,-,A,807,166,"1,005",,,,,,
Great Barrington,-,B,792,161,991,,,,,,
Great Barrington,-,C,694,91,815,,,,,,
Great Barrington,-,D,781,156,963,,,,,,
Greenfield,-,1,679,284,983,,,,,,
Greenfield,-,2,866,356,"1,281",,,,,,
Greenfield,-,3,669,213,938,,,,,,
Greenfield,-,4,730,257,"1,005",,,,,,
Greenfield,-,5,762,194,"1,014",,,,,,
Greenfield,-,6,675,145,862,,,,,,
Greenfield,-,7,660,212,906,,,,,,
Greenfield,-,8,639,119,783,,,,,,
Greenfield,-,9,565,207,799,,,,,,
Groton,-,1,"1,187",792,"2,077",,,,,,
Groton,-,2,"1,108",868,"2,054",,,,,,
Groton,-,3,"1,155",779,"2,006",,,,,,
Groveland,-,1,"1,898","1,867","3,867",,,,,,
Hadley,-,1,"2,138",876,"3,103",,,,,,
Halifax,-,1,"1,031","1,107","2,200",,,,,,
Halifax,-,2,897,919,"1,897",,,,,,
Hamilton,-,1,942,786,"1,777",,,,,,
Hamilton,-,2,915,776,"1,726",,,,,,
Hamilton,-,3,637,558,"1,225",,,,,,
Hampden,-,1,"1,450","1,457","2,994",,,,,,
Hancock,-,1,248,132,399,,,,,,
Hanover,-,1,861,"1,107","1,993",,,,,,
Hanover,-,2,899,"1,044","1,986",,,,,,
Hanover,-,3,932,"1,065","2,048",,,,,,
Hanover,-,4,908,"1,195","2,145",,,,,,
Hanson,-,1,854,899,"1,799",,,,,,
Hanson,-,2,860,891,"1,797",,,,,,
Hanson,-,3,857,968,"1,886",,,,,,
Hardwick,-,1,776,582,"1,415",,,,,,
Harvard,-,1,"2,206","1,158","3,489",,,,,,
Harwich,-,1,"1,157",848,"2,082",,,,,,
Harwich,-,2,"1,086",878,"2,033",,,,,,
Harwich,-,3,"1,218",932,"2,225",,,,,,
Harwich,-,4,"1,077",656,"1,803",,,,,,
Hatfield,-,1,"1,405",658,"2,122",,,,,,
Haverhill,1,1,547,221,814,,,,,,
Haverhill,1,2,534,212,764,,,,,,
Haverhill,1,3,721,419,"1,180",,,,,,
Haverhill,2,1,638,403,"1,072",,,,,,
Haverhill,2,2,701,553,"1,282",,,,,,
Haverhill,2,3,524,216,765,,,,,,
Haverhill,3,1,566,149,732,,,,,,
Haverhill,3,1A,28,9,40,,,,,,
Haverhill,3,2,621,256,904,,,,,,
Haverhill,3,3,712,394,"1,145",,,,,,
Haverhill,4,1,788,672,"1,510",,,,,,
Haverhill,4,2,931,811,"1,795",,,,,,
Haverhill,4,3,803,692,"1,539",,,,,,
Haverhill,5,1,851,562,"1,455",,,,,,
Haverhill,5,2,906,718,"1,662",,,,,,
Haverhill,5,3,853,896,"1,785",,,,,,
Haverhill,6,1,804,564,"1,413",,,,,,
Haverhill,6,2,798,514,"1,357",,,,,,
Haverhill,6,3,807,578,"1,421",,,,,,
Haverhill,7,1,720,606,"1,355",,,,,,
Haverhill,7,2,778,514,"1,327",,,,,,
Haverhill,7,3,921,855,"1,821",,,,,,
Hawley,-,1,101,65,176,,,,,,
Heath,-,1,296,136,444,,,,,,
Hingham,-,1,"1,127",794,"1,958",,,,,,
Hingham,-,2,"1,059",978,"2,083",,,,,,
Hingham,-,3,"1,204",948,"2,198",,,,,,
Hingham,-,4,"1,094","1,024","2,153",,,,,,
Hingham,-,5,"1,037",973,"2,044",,,,,,
Hingham,-,6,"1,608","1,382","3,052",,,,,,
Hinsdale,-,1,723,332,"1,106",,,,,,
Holbrook,-,1,755,547,"1,351",,,,,,
Holbrook,-,2,740,638,"1,421",,,,,,
Holbrook,-,3,680,675,"1,400",,,,,,
Holbrook,-,4,683,531,"1,259",,,,,,
Holden,-,1,939,879,"1,884",,,,,,
Holden,-,2,"1,205","1,059","2,324",,,,,,
Holden,-,3,"1,100",950,"2,111",,,,,,
Holden,-,4,"1,097","1,017","2,174",,,,,,
Holden,-,5,"1,019",900,"1,972",,,,,,
Holland,-,1,654,636,"1,341",,,,,,
Holliston,-,1,"1,262",948,"2,259",,,,,,
Holliston,-,2,"1,259",807,"2,136",,,,,,
Holliston,-,3,"1,187",686,"1,915",,,,,,
Holliston,-,4,"1,122",778,"1,960",,,,,,
Holyoke,1,A,549,56,612,,,,,,
Holyoke,1,B,617,102,741,,,,,,
Holyoke,2,A,655,164,840,,,,,,
Holyoke,2,B,557,54,624,,,,,,
Holyoke,3,A,881,303,"1,239",,,,,,
Holyoke,3,B,901,439,"1,396",,,,,,
Holyoke,4,A,496,96,601,,,,,,
Holyoke,4,B,787,176,"1,003",,,,,,
Holyoke,5,A,"1,003",703,"1,755",,,,,,
Holyoke,5,B,899,316,"1,250",,,,,,
Holyoke,6,A,993,315,"1,345",,,,,,
Holyoke,6,B,853,305,"1,213",,,,,,
Holyoke,7,A,878,544,"1,457",,,,,,
Holyoke,7,B,965,427,"1,447",,,,,,
Hopedale,-,1,"1,847","1,451","3,394",,,,,,
Hopkinton,-,1,"1,151",866,"2,059",,,,,,
Hopkinton,-,2,"1,146",953,"2,154",,,,,,
Hopkinton,-,3,"1,169",993,"2,213",,,,,,
Hopkinton,-,4,989,941,"1,968",,,,,,
Hubbardston,-,1,"1,188","1,272","2,556",,,,,,
Hudson,-,1,907,597,"1,554",,,,,,
Hudson,-,2,774,474,"1,290",,,,,,
Hudson,-,3,796,620,"1,471",,,,,,
Hudson,-,4,865,757,"1,670",,,,,,
Hudson,-,5,940,659,"1,655",,,,,,
Hudson,-,6,662,369,"1,059",,,,,,
Hudson,-,7,695,350,"1,127",,,,,,
Hull,-,1,"1,231",746,"2,039",,,,,,
Hull,-,2,999,666,"1,721",,,,,,
Hull,-,3,"1,281",846,"2,203",,,,,,
Huntington,-,1,608,482,"1,143",,,,,,
Ipswich,-,1,"1,136",675,"1,862",,,,,,
Ipswich,-,2,"1,276",815,"2,141",,,,,,
Ipswich,-,3,"1,030","1,039","2,118",,,,,,
Ipswich,-,4,"1,131",852,"2,046",,,,,,
Kingston,-,1,818,747,"1,600",,,,,,
Kingston,-,2,788,951,"1,784",,,,,,
Kingston,-,3,778,867,"1,678",,,,,,
Kingston,-,4,895,738,"1,674",,,,,,
Lakeville,-,1,862,935,"1,859",,,,,,
Lakeville,-,2,767,"1,042","1,882",,,,,,
Lakeville,-,3,827,"1,083","1,992",,,,,,
Lancaster,-,1,711,641,"1,406",,,,,,
Lancaster,-,2,"1,064","1,129","2,268",,,,,,
Lanesborough,-,1,"1,164",484,"1,682",,,,,,
Lawrence,A,1,715,182,917,,,,,,
Lawrence,A,2,531,48,586,,,,,,
Lawrence,A,3,604,207,831,,,,,,
Lawrence,A,4,615,125,754,,,,,,
Lawrence,B,1,789,120,931,,,,,,
Lawrence,B,2,604,34,640,,,,,,
Lawrence,B,3,663,87,768,,,,,,
Lawrence,B,4,824,70,918,,,,,,
Lawrence,C,1,534,44,587,,,,,,
Lawrence,C,2,564,40,608,,,,,,
Lawrence,C,3,731,36,775,,,,,,
Lawrence,C,4,641,64,715,,,,,,
Lawrence,D,1,721,150,886,,,,,,
Lawrence,D,2,781,254,"1,060",,,,,,
Lawrence,D,3,571,84,667,,,,,,
Lawrence,D,4,756,54,820,,,,,,
Lawrence,E,1,769,398,"1,207",,,,,,
Lawrence,E,2,707,491,"1,232",,,,,,
Lawrence,E,3,527,168,713,,,,,,
Lawrence,E,4,585,195,800,,,,,,
Lawrence,F,1,729,411,"1,169",,,,,,
Lawrence,F,2,600,109,720,,,,,,
Lawrence,F,3,507,87,607,,,,,,
Lawrence,F,4,564,166,749,,,,,,
Lee,-,1,326,119,466,,,,,,
Lee,-,2,370,124,510,,,,,,
Lee,-,3,342,109,468,,,,,,
Lee,-,4,484,152,652,,,,,,
Lee,-,5,298,111,428,,,,,,
Lee,-,6,372,133,516,,,,,,
Leicester,-,1,708,694,"1,449",,,,,,
Leicester,-,2,698,492,"1,241",,,,,,
Leicester,-,3,707,682,"1,437",,,,,,
Leicester,-,4,708,635,"1,391",,,,,,
Lenox,-,1,"2,305",662,"3,051",,,,,,
Leominster,1,A,763,764,"1,562",,,,,,
Leominster,1,B,816,690,"1,547",,,,,,
Leominster,1,C,572,399,992,,,,,,
Leominster,2,A,516,296,840,,,,,,
Leominster,2,B,600,433,"1,060",,,,,,
Leominster,2,C,460,252,743,,,,,,
Leominster,3,A,595,345,975,,,,,,
Leominster,3,B,744,692,"1,487",,,,,,
Leominster,3,C,777,612,"1,419",,,,,,
Leominster,4,A,882,736,"1,676",,,,,,
Leominster,4,B,735,711,"1,499",,,,,,
Leominster,4,C,548,353,936,,,,,,
Leominster,5,A,686,475,"1,203",,,,,,
Leominster,5,B,794,629,"1,471",,,,,,
Leominster,5,C,575,322,942,,,,,,
Leverett,-,1,"1,053",168,"1,256",,,,,,
Lexington,-,1,"1,190",506,"1,736",,,,,,
Lexington,-,2,"1,635",457,"2,147",,,,,,
Lexington,-,3,"1,545",477,"2,067",,,,,,
Lexington,-,4,"1,554",468,"2,051",,,,,,
Lexington,-,5,"1,400",533,"1,984",,,,,,
Lexington,-,6,"1,476",583,"2,086",,,,,,
Lexington,-,7,"1,504",514,"2,058",,,,,,
Lexington,-,8,"1,404",489,"1,942",,,,,,
Lexington,-,9,"1,276",566,"1,891",,,,,,
Leyden,-,1,344,112,475,,,,,,
Lincoln,-,1,"1,388",350,"1,773",,,,,,
Lincoln,-,2,"1,174",385,"1,601",,,,,,
Lincoln,-,3,65,56,122,,,,,,
Littleton,-,1,"1,047",739,"1,830",,,,,,
Littleton,-,2,"1,009",749,"1,804",,,,,,
Littleton,-,3,907,618,"1,562",,,,,,
Longmeadow,-,A,"1,202",734,"1,974",,,,,,
Longmeadow,-,B,"1,128",732,"1,899",,,,,,
Longmeadow,-,C,"1,018",772,"1,839",,,,,,
Longmeadow,-,D,"1,041",906,"1,985",,,,,,
Longmeadow,-,E,"1,128",802,"1,977",,,,,,
Lowell,1,1,642,232,900,,,,,,
Lowell,1,2,"1,081",844,"1,972",,,,,,
Lowell,1,3,962,688,"1,681",,,,,,
Lowell,2,1,335,90,439,,,,,,
Lowell,2,2,553,95,661,,,,,,
Lowell,2,3,"1,027",288,"1,353",,,,,,
Lowell,3,1,592,274,877,,,,,,
Lowell,3,2,440,163,633,,,,,,
Lowell,3,3,523,204,754,,,,,,
Lowell,4,1,624,311,962,,,,,,
Lowell,4,2,475,143,632,,,,,,
Lowell,4,3,526,139,684,,,,,,
Lowell,5,1,495,335,858,,,,,,
Lowell,5,2,483,217,722,,,,,,
Lowell,5,3,591,426,"1,045",,,,,,
Lowell,6,1,781,545,"1,363",,,,,,
Lowell,6,2,867,533,"1,437",,,,,,
Lowell,6,3,903,470,"1,401",,,,,,
Lowell,7,1,463,187,680,,,,,,
Lowell,7,2,410,87,510,,,,,,
Lowell,7,3,297,129,434,,,,,,
Lowell,8,1,604,233,851,,,,,,
Lowell,8,2,635,344,"1,003",,,,,,
Lowell,8,3,"1,031",646,"1,718",,,,,,
Lowell,9,1,616,301,945,,,,,,
Lowell,9,2,747,468,"1,252",,,,,,
Lowell,9,3,618,367,"1,008",,,,,,
Lowell,10,1,659,276,966,,,,,,
Lowell,10,2,465,149,638,,,,,,
Lowell,10,3,362,83,454,,,,,,
Lowell,11,1,462,241,718,,,,,,
Lowell,11,2,604,484,"1,137",,,,,,
Lowell,11,3,773,401,"1,217",,,,,,
Ludlow,-,1,968,623,"1,646",,,,,,
Ludlow,-,2,836,530,"1,400",,,,,,
Ludlow,-,3,"1,082","1,022","2,164",,,,,,
Ludlow,-,4,"1,102",561,"1,707",,,,,,
Ludlow,-,5,562,392,994,,,,,,
Ludlow,-,6,"1,088",910,"2,065",,,,,,
Lunenburg,-,A,724,741,"1,507",,,,,,
Lunenburg,-,B,722,575,"1,336",,,,,,
Lunenburg,-,C,725,736,"1,507",,,,,,
Lunenburg,-,D,718,654,"1,406",,,,,,
Lynn,1,1,"1,109",874,"2,045",,,,,,
Lynn,1,2,968,756,"1,793",,,,,,
Lynn,1,3,951,563,"1,564",,,,,,
Lynn,1,4,872,536,"1,457",,,,,,
Lynn,2,1,"1,082",658,"1,819",,,,,,
Lynn,2,2,771,291,"1,099",,,,,,
Lynn,2,3,587,129,735,,,,,,
Lynn,2,4,552,184,761,,,,,,
Lynn,3,1,795,402,"1,233",,,,,,
Lynn,3,2,597,212,830,,,,,,
Lynn,3,3,752,251,"1,045",,,,,,
Lynn,3,4,710,285,"1,032",,,,,,
Lynn,4,1,489,91,593,,,,,,
Lynn,4,2,465,108,580,,,,,,
Lynn,4,3,664,145,839,,,,,,
Lynn,4,4,854,302,"1,189",,,,,,
Lynn,5,1,667,298,993,,,,,,
Lynn,5,2,478,87,572,,,,,,
Lynn,5,3,426,96,526,,,,,,
Lynn,5,4,924,348,"1,331",,,,,,
Lynn,6,1,615,216,859,,,,,,
Lynn,6,2,409,98,521,,,,,,
Lynn,6,3,508,60,582,,,,,,
Lynn,6,4,615,238,880,,,,,,
Lynn,7,1,"1,039",468,"1,553",,,,,,
Lynn,7,2,937,383,"1,372",,,,,,
Lynn,7,3,734,303,"1,075",,,,,,
Lynn,7,4,706,337,"1,078",,,,,,
Lynnfield,-,1,795,993,"1,839",,,,,,
Lynnfield,-,2,789,978,"1,805",,,,,,
Lynnfield,-,3,701,772,"1,504",,,,,,
Lynnfield,-,4,733,"1,068","1,836",,,,,,
Malden,1,1,756,270,"1,055",,,,,,
Malden,1,2,849,349,"1,241",,,,,,
Malden,2,1,766,332,"1,142",,,,,,
Malden,2,2,808,499,"1,358",,,,,,
Malden,3,1,966,360,"1,378",,,,,,
Malden,3,2,"1,081",560,"1,691",,,,,,
Malden,4,1,729,273,"1,043",,,,,,
Malden,4,2,689,232,964,,,,,,
Malden,5,1,945,368,"1,351",,,,,,
Malden,5,2,"1,097",551,"1,706",,,,,,
Malden,6,1,"1,145",535,"1,732",,,,,,
Malden,6,2,908,389,"1,347",,,,,,
Malden,7,1,713,263,"1,000",,,,,,
Malden,7,2,865,288,"1,178",,,,,,
Malden,8,1,833,471,"1,352",,,,,,
Malden,8,2,715,335,"1,090",,,,,,
Manchester-by-the-Sea,-,1,"2,046","1,290","3,421",,,,,,
Mansfield,-,1,"1,009","1,026","2,112",,,,,,
Mansfield,-,2,"1,050",894,"2,026",,,,,,
Mansfield,-,3,994,947,"2,025",,,,,,
Mansfield,-,4,962,851,"1,885",,,,,,
Mansfield,-,5,"1,009",727,"1,806",,,,,,
Mansfield,-,6,"1,028",731,"1,828",,,,,,
Marblehead,-,1,"1,165",647,"1,854",,,,,,
Marblehead,-,2,"1,060",533,"1,640",,,,,,
Marblehead,-,3,991,554,"1,579",,,,,,
Marblehead,-,4,"1,071",783,"1,888",,,,,,
Marblehead,-,5,"1,086",656,"1,779",,,,,,
Marblehead,-,6,"1,107",752,"1,894",,,,,,
Marblehead,-,7,"1,033",734,"1,826",,,,,,
Marion,-,1,"1,804","1,266","3,134",,,,,,
Marlborough,1,1,758,490,"1,282",,,,,,
Marlborough,1,2,876,682,"1,591",,,,,,
Marlborough,2,1,728,602,"1,374",,,,,,
Marlborough,2,2,648,374,"1,053",,,,,,
Marlborough,3,1,469,257,759,,,,,,
Marlborough,3,2,877,618,"1,540",,,,,,
Marlborough,4,1,396,241,667,,,,,,
Marlborough,4,2,765,601,"1,408",,,,,,
Marlborough,5,1,521,287,834,,,,,,
Marlborough,5,2,823,562,"1,420",,,,,,
Marlborough,6,1,511,343,887,,,,,,
Marlborough,6,2,761,598,"1,402",,,,,,
Marlborough,7,1,577,370,987,,,,,,
Marlborough,7,2,657,495,"1,183",,,,,,
Marshfield,-,1,"1,107","1,005","2,180",,,,,,
Marshfield,-,2,"1,091","1,107","2,238",,,,,,
Marshfield,-,3,957,853,"1,861",,,,,,
Marshfield,-,4,947,900,"1,888",,,,,,
Marshfield,-,5,916,916,"1,868",,,,,,
Marshfield,-,6,"1,200","1,162","2,402",,,,,,
Marshfield,-,7,"1,037","1,083","2,167",,,,,,
Mashpee,-,1,"1,023",728,"1,804",,,,,,
Mashpee,-,2,880,853,"1,784",,,,,,
Mashpee,-,3,711,538,"1,291",,,,,,
Mashpee,-,4,900,593,"1,575",,,,,,
Mashpee,-,5,783,852,"1,695",,,,,,
Mattapoisett,-,1,"1,147",888,"2,108",,,,,,
Mattapoisett,-,2,"1,030",845,"1,939",,,,,,
Maynard,-,1,849,519,"1,405",,,,,,
Maynard,-,2,875,435,"1,339",,,,,,
Maynard,-,3,975,530,"1,556",,,,,,
Maynard,-,4,850,483,"1,374",,,,,,
Medfield,-,1,977,754,"1,783",,,,,,
Medfield,-,2,988,807,"1,830",,,,,,
Medfield,-,3,976,898,"1,916",,,,,,
Medfield,-,4,907,805,"1,764",,,,,,
Medford,1,1,"1,049",478,"1,575",,,,,,
Medford,1,2,948,542,"1,544",,,,,,
Medford,2,1,977,628,"1,653",,,,,,
Medford,2,2,"1,169",757,"1,995",,,,,,
Medford,3,1,"1,165",814,"2,041",,,,,,
Medford,3,2,"1,349",884,"2,296",,,,,,
Medford,4,1,674,229,932,,,,,,
Medford,4,2,"1,187",481,"1,713",,,,,,
Medford,5,1,"1,026",449,"1,529",,,,,,
Medford,5,2,989,286,"1,320",,,,,,
Medford,6,1,"1,570",418,"2,028",,,,,,
Medford,6,2,"1,210",540,"1,804",,,,,,
Medford,7,1,"1,026",422,"1,486",,,,,,
Medford,7,2,"1,068",544,"1,673",,,,,,
Medford,8,1,"1,189",679,"1,919",,,,,,
Medford,8,2,"1,002",504,"1,556",,,,,,
Medway,-,1,991,883,"1,910",,,,,,
Medway,-,2,821,726,"1,587",,,,,,
Medway,-,3,958,704,"1,699",,,,,,
Medway,-,4,966,809,"1,830",,,,,,
Melrose,1,1,732,402,"1,157",,,,,,
Melrose,1,2,660,338,"1,022",,,,,,
Melrose,2,1,708,489,"1,230",,,,,,
Melrose,2,2,662,421,"1,113",,,,,,
Melrose,3,1,715,418,"1,163",,,,,,
Melrose,3,2,629,402,"1,064",,,,,,
Melrose,4,1,631,338,"1,008",,,,,,
Melrose,4,2,542,620,"1,191",,,,,,
Melrose,5,1,659,380,"1,067",,,,,,
Melrose,5,2,707,356,"1,089",,,,,,
Melrose,6,1,573,327,934,,,,,,
Melrose,6,2,634,487,"1,152",,,,,,
Melrose,7,1,596,378,996,,,,,,
Melrose,7,2,691,490,"1,219",,,,,,
Mendon,-,1,"1,513","1,641","3,248",,,,,,
Merrimac,-,1,"1,918","1,551","3,581",,,,,,
Methuen,-,1,959,772,"1,782",,,,,,
Methuen,-,2,786,204,"1,007",,,,,,
Methuen,-,3,952,776,"1,773",,,,,,
Methuen,-,4,936,733,"1,723",,,,,,
Methuen,-,5,909,582,"1,540",,,,,,
Methuen,-,6,935,666,"1,637",,,,,,
Methuen,-,7,"1,064",803,"1,917",,,,,,
Methuen,-,8,833,"1,093","1,960",,,,,,
Methuen,-,9,973,997,"2,019",,,,,,
Methuen,-,10,953,699,"1,701",,,,,,
Methuen,-,11,941,"1,043","2,042",,,,,,
Methuen,-,12,"1,022",935,"2,008",,,,,,
Middleborough,-,1,"1,279","1,527","2,899",,,,,,
Middleborough,-,2,759,756,"1,569",,,,,,
Middleborough,-,3,878,"1,054","2,019",,,,,,
Middleborough,-,4,630,578,"1,263",,,,,,
Middleborough,-,5,929,"1,091","2,096",,,,,,
Middleborough,-,6,680,851,"1,595",,,,,,
Middlefield,-,1,194,98,300,,,,,,
Middleton,-,1,"1,043","1,272","2,392",,,,,,
Middleton,-,2,939,994,"1,976",,,,,,
Milford,-,1,770,539,"1,353",,,,,,
Milford,-,2,"1,022",733,"1,811",,,,,,
Milford,-,3,952,584,"1,580",,,,,,
Milford,-,4,906,532,"1,477",,,,,,
Milford,-,5,"1,174",880,"2,118",,,,,,
Milford,-,6,"1,099",729,"1,884",,,,,,
Milford,-,7,"1,150",961,"2,171",,,,,,
Millbury,-,1,855,648,"1,565",,,,,,
Millbury,-,2,964,992,"2,001",,,,,,
Millbury,-,3,727,729,"1,514",,,,,,
Millbury,-,4,894,627,"1,589",,,,,,
Millis,-,1,738,626,"1,403",,,,,,
Millis,-,2,811,661,"1,509",,,,,,
Millis,-,3,945,709,"1,696",,,,,,
Millville,-,1,733,772,"1,547",,,,,,
Milton,-,1,"1,014",168,"1,208",,,,,,
Milton,-,2,"1,058",339,"1,425",,,,,,
Milton,-,3,965,436,"1,434",,,,,,
Milton,-,4,838,480,"1,347",,,,,,
Milton,-,5,700,490,"1,223",,,,,,
Milton,-,6,787,710,"1,534",,,,,,
Milton,-,7,720,634,"1,397",,,,,,
Milton,-,8,785,695,"1,517",,,,,,
Milton,-,9,677,743,"1,455",,,,,,
Milton,-,10,854,679,"1,560",,,,,,
Milton,-,11,"1,088",379,"1,491",,,,,,
Monroe,-,1,40,19,60,,,,,,
Monson,-,A,739,578,"1,362",,,,,,
Monson,-,B,835,695,"1,594",,,,,,
Monson,-,C,844,658,"1,544",,,,,,
Montague,-,1,750,173,962,,,,,,
Montague,-,2,550,157,741,,,,,,
Montague,-,3,530,229,779,,,,,,
Montague,-,4,551,183,754,,,,,,
Montague,-,5,394,68,487,,,,,,
Montague,-,6,486,157,662,,,,,,
Monterey,-,1,464,109,587,,,,,,
Montgomery,-,1,236,257,515,,,,,,
Mount Washington,-,1,91,21,118,,,,,,
Nahant,-,1,"1,343",887,"2,314",,,,,,
Nantucket,-,1,"4,073","1,863","6,081",,,,,,
Natick,-,1,979,369,"1,387",,,,,,
Natick,-,2,"1,128",630,"1,812",,,,,,
Natick,-,3,"1,111",671,"1,858",,,,,,
Natick,-,4,"1,037",464,"1,587",,,,,,
Natick,-,5,"1,052",670,"1,792",,,,,,
Natick,-,6,"1,145",640,"1,870",,,,,,
Natick,-,7,"1,328",623,"2,011",,,,,,
Natick,-,8,"1,152",512,"1,725",,,,,,
Natick,-,9,"1,159",679,"1,894",,,,,,
Natick,-,10,"1,315",792,"2,219",,,,,,
Needham,-,A,"1,012",531,"1,588",,,,,,
Needham,-,B,"1,045",602,"1,676",,,,,,
Needham,-,C,"1,082",511,"1,630",,,,,,
Needham,-,D,"1,071",542,"1,636",,,,,,
Needham,-,E,"1,175",622,"1,841",,,,,,
Needham,-,F,"1,253",541,"1,829",,,,,,
Needham,-,G,"1,181",581,"1,794",,,,,,
Needham,-,H,"1,156",668,"1,869",,,,,,
Needham,-,I,"1,286",565,"1,888",,,,,,
Needham,-,J,"1,070",489,"1,585",,,,,,
New Ashford,-,1,96,40,145,,,,,,
New Bedford,1,A,690,348,"1,080",,,,,,
New Bedford,1,B,795,404,"1,251",,,,,,
New Bedford,1,C,601,297,930,,,,,,
New Bedford,1,D,807,361,"1,206",,,,,,
New Bedford,1,E,850,288,"1,172",,,,,,
New Bedford,1,F,642,398,"1,083",,,,,,
New Bedford,1,G,700,332,"1,070",,,,,,
New Bedford,2,A,244,71,334,,,,,,
New Bedford,2,B,479,101,601,,,,,,
New Bedford,2,C,486,156,675,,,,,,
New Bedford,2,D,521,189,743,,,,,,
New Bedford,2,E,604,261,895,,,,,,
New Bedford,2,F,507,136,671,,,,,,
New Bedford,2,G,624,252,910,,,,,,
New Bedford,3,A,271,71,351,,,,,,
New Bedford,3,B,474,140,653,,,,,,
New Bedford,3,C,400,138,556,,,,,,
New Bedford,3,D,454,122,592,,,,,,
New Bedford,3,E,679,253,957,,,,,,
New Bedford,3,F,667,249,951,,,,,,
New Bedford,3,G,642,220,884,,,,,,
New Bedford,4,A,583,50,651,,,,,,
New Bedford,4,B,645,68,734,,,,,,
New Bedford,4,C,773,111,925,,,,,,
New Bedford,4,D,537,117,689,,,,,,
New Bedford,4,E,647,146,816,,,,,,
New Bedford,4,F,628,163,817,,,,,,
New Bedford,4,G,749,117,885,,,,,,
New Bedford,5,A,461,120,596,,,,,,
New Bedford,5,B,676,173,881,,,,,,
New Bedford,5,C,564,168,752,,,,,,
New Bedford,5,D,748,236,"1,043",,,,,,
New Bedford,5,E,736,242,"1,005",,,,,,
New Bedford,5,F,784,317,"1,143",,,,,,
New Bedford,5,G,811,372,"1,232",,,,,,
New Bedford,6,A,650,301,990,,,,,,
New Bedford,6,B,650,238,916,,,,,,
New Bedford,6,C,376,63,462,,,,,,
New Bedford,6,D,327,84,427,,,,,,
New Bedford,6,E,402,81,506,,,,,,
New Bedford,6,F,553,156,740,,,,,,
New Bedford,6,G,444,91,552,,,,,,
New Braintree,-,1,289,248,554,,,,,,
New Marlborough,-,1,601,213,838,,,,,,
New Salem,-,1,395,190,618,,,,,,
Newbury,-,1,"1,224",899,"2,193",,,,,,
Newbury,-,2,"1,102",984,"2,136",,,,,,
Newburyport,1,P,275,176,460,,,,,,
Newburyport,1,1,947,367,"1,355",,,,,,
Newburyport,2,1,"1,362",433,"1,847",,,,,,
Newburyport,3,1,"1,245",532,"1,836",,,,,,
Newburyport,4,1,"1,151",545,"1,739",,,,,,
Newburyport,5,1,946,695,"1,698",,,,,,
Newburyport,6,1,"1,192",769,"2,009",,,,,,
Newton,1,1,832,402,"1,285",,,,,,
Newton,1,2,"1,120",268,"1,414",,,,,,
Newton,1,3,"1,012",236,"1,272",,,,,,
Newton,1,4,668,411,"1,116",,,,,,
Newton,2,1,"1,277",488,"1,809",,,,,,
Newton,2,2,"1,146",281,"1,466",,,,,,
Newton,2,3,"1,761",347,"2,147",,,,,,
Newton,3,1,987,406,"1,438",,,,,,
Newton,3,2,"1,204",261,"1,487",,,,,,
Newton,3,3,934,406,"1,378",,,,,,
Newton,3,4,953,385,"1,370",,,,,,
Newton,4,1,"1,010",385,"1,434",,,,,,
Newton,4,2,"1,095",234,"1,362",,,,,,
Newton,4,3,"1,062",296,"1,386",,,,,,
Newton,4,4,888,405,"1,337",,,,,,
Newton,5,1,888,304,"1,227",,,,,,
Newton,5,2,"1,383",267,"1,673",,,,,,
Newton,5,3,"1,280",305,"1,614",,,,,,
Newton,5,4,"1,306",248,"1,592",,,,,,
Newton,6,1,"1,424",399,"1,869",,,,,,
Newton,6,2,"1,220",270,"1,539",,,,,,
Newton,6,3,"1,350",193,"1,577",,,,,,
Newton,6,4,"1,375",312,"1,723",,,,,,
Newton,7,1,897,349,"1,286",,,,,,
Newton,7,2,"1,241",327,"1,604",,,,,,
Newton,7,3,508,138,663,,,,,,
Newton,7,4,741,248,"1,009",,,,,,
Newton,8,1,"1,059",509,"1,606",,,,,,
Newton,8,2,791,416,"1,233",,,,,,
Newton,8,3,"1,102",442,"1,583",,,,,,
Newton,8,4,846,345,"1,221",,,,,,
Norfolk,-,1,737,896,"1,678",,,,,,
Norfolk,-,2,844,790,"1,673",,,,,,
Norfolk,-,3,686,786,"1,504",,,,,,
Norfolk,-,4,241,251,512,,,,,,
N. Adams,1,1,900,232,"1,181",,,,,,
N. Adams,2,2,968,271,"1,290",,,,,,
N. Adams,3,3,794,171,"1,007",,,,,,
N. Adams,4,4,"1,031",310,"1,382",,,,,,
N. Adams,5,5,826,219,"1,088",,,,,,
N. Andover,-,1,941,736,"1,736",,,,,,
N. Andover,-,2,955,768,"1,772",,,,,,
N. Andover,-,3,"1,103",807,"1,957",,,,,,
N. Andover,-,4,"1,108",983,"2,136",,,,,,
N. Andover,-,5,532,393,946,,,,,,
N. Andover,-,6,993,"1,174","2,217",,,,,,
N. Andover,-,7,"1,179","1,034","2,256",,,,,,
N. Andover,-,8,966,"1,044","2,042",,,,,,
N. Attleborough,-,1,549,435,"1,027",,,,,,
N. Attleborough,-,2,731,629,"1,392",,,,,,
N. Attleborough,-,3,961,"1,094","2,131",,,,,,
N. Attleborough,-,4,697,495,"1,254",,,,,,
N. Attleborough,-,5,652,610,"1,313",,,,,,
N. Attleborough,-,6,782,806,"1,639",,,,,,
N. Attleborough,-,7,911,839,"1,799",,,,,,
N. Attleborough,-,8,993,985,"2,034",,,,,,
N. Attleborough,-,9,823,820,"1,694",,,,,,
N. Brookfield,-,1,"1,091","1,224","2,398",,,,,,
N. Reading,-,1,"1,046","1,238","2,332",,,,,,
N. Reading,-,2,957,932,"1,925",,,,,,
N. Reading,-,3,974,983,"2,000",,,,,,
N. Reading,-,4,"1,079","1,080","2,203",,,,,,
Northampton,1,A,815,118,983,,,,,,
Northampton,1,B,"1,093",256,"1,391",,,,,,
Northampton,2,A,869,61,957,,,,,,
Northampton,2,B,750,39,824,,,,,,
Northampton,3,A,"1,066",131,"1,243",,,,,,
Northampton,3,B,"1,001",132,"1,201",,,,,,
Northampton,4,A,818,62,912,,,,,,
Northampton,4,B,"1,158",149,"1,340",,,,,,
Northampton,5,A,968,159,"1,154",,,,,,
Northampton,5,B,962,182,"1,182",,,,,,
Northampton,6,A,885,308,"1,231",,,,,,
Northampton,6,B,"1,081",309,"1,427",,,,,,
Northampton,7,A,909,206,"1,153",,,,,,
Northampton,7,B,"1,037",275,"1,343",,,,,,
Northborough,-,1,"1,130",815,"1,999",,,,,,
Northborough,-,2,"1,075",828,"1,978",,,,,,
Northborough,-,3,"1,159",855,"2,056",,,,,,
Northborough,-,4,"1,152",903,"2,116",,,,,,
Northbridge,-,1,997,935,"2,004",,,,,,
Northbridge,-,2,"1,017","1,011","2,090",,,,,,
Northbridge,-,3,660,626,"1,329",,,,,,
Northbridge,-,4,951,"1,176","2,192",,,,,,
Northfield,-,1,"1,228",463,"1,745",,,,,,
Norton,-,1,981,916,"1,951",,,,,,
Norton,-,2,"1,042","1,010","2,103",,,,,,
Norton,-,3,937,757,"1,744",,,,,,
Norton,-,4,"1,009",955,"2,011",,,,,,
Norton,-,5,573,556,"1,154",,,,,,
Norwell,-,1,933,"1,025","2,007",,,,,,
Norwell,-,2,994,"1,141","2,182",,,,,,
Norwell,-,3,"1,020","1,097","2,155",,,,,,
Norwood,-,1,841,713,"1,619",,,,,,
Norwood,-,2,916,606,"1,560",,,,,,
Norwood,-,3,874,631,"1,550",,,,,,
Norwood,-,4,"1,004",873,"1,936",,,,,,
Norwood,-,5,620,338,975,,,,,,
Norwood,-,6,804,589,"1,455",,,,,,
Norwood,-,7,919,687,"1,659",,,,,,
Norwood,-,8,"1,063",662,"1,774",,,,,,
Norwood,-,9,903,934,"1,889",,,,,,
Oak Bluffs,-,1,"1,931",706,"2,688",,,,,,
Oakham,-,1,520,562,"1,130",,,,,,
Orange,-,1,929,694,"1,687",,,,,,
Orange,-,2,974,672,"1,700",,,,,,
Orleans,-,1,"1,330",962,"2,356",,,,,,
Orleans,-,2,"1,347",908,"2,308",,,,,,
Otis,-,1,504,318,859,,,,,,
Oxford,-,1,834,840,"1,723",,,,,,
Oxford,-,2,734,760,"1,547",,,,,,
Oxford,-,3,870,754,"1,681",,,,,,
Oxford,-,4,799,707,"1,560",,,,,,
Palmer,-,1,833,649,"1,540",,,,,,
Palmer,-,2,905,741,"1,697",,,,,,
Palmer,-,3,711,511,"1,269",,,,,,
Palmer,-,4,780,580,"1,430",,,,,,
Paxton,-,1,"1,263","1,194","2,596",,,,,,
Peabody,1,1,880,597,"1,536",,,,,,
Peabody,1,2,968,826,"1,850",,,,,,
Peabody,1,3,853,674,"1,575",,,,,,
Peabody,2,1,602,258,906,,,,,,
Peabody,2,2,612,319,960,,,,,,
Peabody,2,3,671,511,"1,228",,,,,,
Peabody,3,1,640,246,923,,,,,,
Peabody,3,2,792,364,"1,209",,,,,,
Peabody,3,3,783,492,"1,317",,,,,,
Peabody,4,1,813,556,"1,414",,,,,,
Peabody,4,2,797,538,"1,371",,,,,,
Peabody,4,3,979,672,"1,697",,,,,,
Peabody,4,3A,866,600,"1,499",,,,,,
Peabody,5,1,803,622,"1,466",,,,,,
Peabody,5,2,712,573,"1,334",,,,,,
Peabody,5,3,822,703,"1,569",,,,,,
Peabody,6,1,692,762,"1,500",,,,,,
Peabody,6,2,771,727,"1,534",,,,,,
Peabody,6,3,762,760,"1,553",,,,,,
Pelham,-,1,753,125,897,,,,,,
Pembroke,-,1,"1,073","1,048","2,160",,,,,,
Pembroke,-,2,868,888,"1,807",,,,,,
Pembroke,-,3,914,882,"1,855",,,,,,
Pembroke,-,4,974,950,"1,965",,,,,,
Pembroke,-,5,843,892,"1,783",,,,,,
Pepperell,-,1,959,"1,097","2,122",,,,,,
Pepperell,-,2,"1,053","1,021","2,141",,,,,,
Pepperell,-,3,"1,017",998,"2,073",,,,,,
Peru,-,1,305,148,469,,,,,,
Petersham,-,1,466,331,823,,,,,,
Phillipston,-,1,501,427,964,,,,,,
Pittsfield,1,A,"1,001",270,"1,321",,,,,,
Pittsfield,1,B,"1,310",359,"1,719",,,,,,
Pittsfield,2,A,576,117,723,,,,,,
Pittsfield,2,B,"1,125",305,"1,493",,,,,,
Pittsfield,3,A,"1,174",295,"1,511",,,,,,
Pittsfield,3,B,"1,405",377,"1,845",,,,,,
Pittsfield,4,A,"1,370",449,"1,865",,,,,,
Pittsfield,4,B,"1,464",512,"2,030",,,,,,
Pittsfield,5,A,"1,171",269,"1,473",,,,,,
Pittsfield,5,B,"1,005",319,"1,357",,,,,,
Pittsfield,6,A,"1,275",406,"1,738",,,,,,
Pittsfield,6,B,831,232,"1,100",,,,,,
Pittsfield,7,A,793,177,"1,008",,,,,,
Pittsfield,7,B,"1,165",317,"1,554",,,,,,
Plainfield,-,1,294,89,395,,,,,,
Plainville,-,1,967,917,"1,946",,,,,,
Plainville,-,2,"1,147","1,119","2,351",,,,,,
Plymouth,-,1,884,585,"1,523",,,,,,
Plymouth,-,2,"1,136",819,"2,016",,,,,,
Plymouth,-,3,948,607,"1,613",,,,,,
Plymouth,-,4,"1,089",834,"1,977",,,,,,
Plymouth,-,5,"1,544","1,415","3,013",,,,,,
Plymouth,-,6,"1,062",859,"1,982",,,,,,
Plymouth,-,7,"1,028",900,"1,971",,,,,,
Plymouth,-,8,"1,258","1,112","2,410",,,,,,
Plymouth,-,9,869,889,"1,810",,,,,,
Plymouth,-,10,732,646,"1,415",,,,,,
Plymouth,-,11,"1,120","1,048","2,216",,,,,,
Plymouth,-,12,988,"1,009","2,043",,,,,,
Plymouth,-,13,"1,095",983,"2,125",,,,,,
Plymouth,-,14,"1,427","1,433","2,927",,,,,,
Plympton,-,1,787,884,"1,713",,,,,,
Princeton,-,1,"1,138","1,008","2,241",,,,,,
Provincetown,-,1,"2,067",256,"2,379",,,,,,
Quincy,1,1,739,673,"1,461",,,,,,
Quincy,1,2,507,272,817,,,,,,
Quincy,1,3,635,369,"1,050",,,,,,
Quincy,1,4,918,727,"1,700",,,,,,
Quincy,1,5,933,654,"1,651",,,,,,
Quincy,2,1,690,434,"1,170",,,,,,
Quincy,2,2,"1,131",664,"1,885",,,,,,
Quincy,2,3,614,324,978,,,,,,
Quincy,2,4,688,397,"1,139",,,,,,
Quincy,2,5,821,592,"1,462",,,,,,
Quincy,3,1,"1,030",633,"1,720",,,,,,
Quincy,3,2,774,461,"1,287",,,,,,
Quincy,3,3,719,432,"1,204",,,,,,
Quincy,3,4,788,671,"1,514",,,,,,
Quincy,3,5,527,313,878,,,,,,
Quincy,4,1,832,531,"1,393",,,,,,
Quincy,4,2,753,574,"1,370",,,,,,
Quincy,4,3,838,733,"1,615",,,,,,
Quincy,4,4,608,353,"1,000",,,,,,
Quincy,4,5,628,364,"1,028",,,,,,
Quincy,5,1,892,544,"1,516",,,,,,
Quincy,5,2,741,454,"1,257",,,,,,
Quincy,5,3,745,418,"1,193",,,,,,
Quincy,5,4,666,515,"1,219",,,,,,
Quincy,5,5,698,595,"1,349",,,,,,
Quincy,6,1,672,431,"1,149",,,,,,
Quincy,6,2,597,360,995,,,,,,
Quincy,6,3,"1,034",780,"1,884",,,,,,
Quincy,6,4,712,419,"1,178",,,,,,
Quincy,6,5,880,859,"1,803",,,,,,
Randolph,-,1,"1,329",501,"1,886",,,,,,
Randolph,-,2,"1,288",342,"1,665",,,,,,
Randolph,-,3,"1,173",489,"1,710",,,,,,
Randolph,-,4,"1,323",491,"1,831",,,,,,
Randolph,-,5,"1,269",476,"1,783",,,,,,
Randolph,-,6,"1,172",556,"1,784",,,,,,
Randolph,-,7,"1,477",413,"1,930",,,,,,
Randolph,-,8,"1,393",543,"1,993",,,,,,
Raynham,-,1,"1,133","1,135","2,337",,,,,,
Raynham,-,2,"1,122","1,259","2,464",,,,,,
Raynham,-,3,"1,081","1,130","2,275",,,,,,
Reading,-,1,927,832,"1,801",,,,,,
Reading,-,2,939,658,"1,640",,,,,,
Reading,-,3,919,631,"1,591",,,,,,
Reading,-,4,"1,021",754,"1,816",,,,,,
Reading,-,5,921,638,"1,602",,,,,,
Reading,-,6,"1,089",792,"1,921",,,,,,
Reading,-,7,993,712,"1,749",,,,,,
Reading,-,8,885,814,"1,740",,,,,,
Rehoboth,-,1,944,"1,018","2,056",,,,,,
Rehoboth,-,2,"1,107",994,"2,179",,,,,,
Rehoboth,-,3,"1,096",933,"2,065",,,,,,
Revere,1,1,650,364,"1,063",,,,,,
Revere,1,2,574,305,929,,,,,,
Revere,1,3,554,352,949,,,,,,
Revere,2,1,410,167,599,,,,,,
Revere,2,2,377,142,539,,,,,,
Revere,2,3,202,54,274,,,,,,
Revere,2,3A,81,43,130,,,,,,
Revere,3,1,504,337,881,,,,,,
Revere,3,2,525,285,840,,,,,,
Revere,3,3,519,340,896,,,,,,
Revere,4,1,590,419,"1,054",,,,,,
Revere,4,2,568,337,944,,,,,,
Revere,4,3,624,477,"1,143",,,,,,
Revere,5,1,483,382,893,,,,,,
Revere,5,1A,314,155,493,,,,,,
Revere,5,2,316,207,552,,,,,,
Revere,5,2A,271,128,418,,,,,,
Revere,5,3,532,345,918,,,,,,
Revere,6,1,533,495,"1,077",,,,,,
Revere,6,2,501,454,"1,001",,,,,,
Revere,6,3,813,454,"1,329",,,,,,
Richmond,-,1,720,223,975,,,,,,
Rochester,-,1,"1,467","1,555","3,123",,,,,,
Rockland,-,1,760,658,"1,466",,,,,,
Rockland,-,2,873,787,"1,729",,,,,,
Rockland,-,3,584,486,"1,113",,,,,,
Rockland,-,4,645,588,"1,266",,,,,,
Rockland,-,5,720,766,"1,530",,,,,,
Rockland,-,6,736,750,"1,547",,,,,,
Rockport,-,1,808,359,"1,207",,,,,,
Rockport,-,2,"1,093",484,"1,618",,,,,,
Rockport,-,3,"1,187",626,"1,860",,,,,,
Rowe,-,1,140,104,264,,,,,,
Rowley,-,1,"1,681","1,690","3,449",,,,,,
Royalston,-,1,248,160,424,,,,,,
Royalston,-,2,151,99,271,,,,,,
Russell,-,1,409,370,816,,,,,,
Rutland,-,1,"1,024","1,053","2,122",,,,,,
Rutland,-,2,"1,003","1,028","2,084",,,,,,
Salem,1,1,"1,201",523,"1,782",,,,,,
Salem,1,2,642,75,734,,,,,,
Salem,2,1,"1,113",399,"1,573",,,,,,
Salem,2,2,964,281,"1,295",,,,,,
Salem,3,1,"1,113",361,"1,524",,,,,,
Salem,3,2,"1,056",566,"1,676",,,,,,
Salem,4,1,868,445,"1,348",,,,,,
Salem,4,2,810,594,"1,439",,,,,,
Salem,5,1,881,316,"1,233",,,,,,
Salem,5,2,804,259,"1,098",,,,,,
Salem,6,1,858,412,"1,322",,,,,,
Salem,6,2,845,432,"1,323",,,,,,
Salem,7,1,869,334,"1,245",,,,,,
Salem,7,2,"1,056",604,"1,724",,,,,,
Salisbury,-,1,"1,136",937,"2,133",,,,,,
Salisbury,-,2,"1,134",886,"2,089",,,,,,
Sandisfield,-,1,274,144,448,,,,,,
Sandwich,-,1,"1,006",779,"1,867",,,,,,
Sandwich,-,2,"1,026",892,"2,009",,,,,,
Sandwich,-,3,932,913,"1,912",,,,,,
Sandwich,-,4,885,916,"1,849",,,,,,
Sandwich,-,5,822,874,"1,754",,,,,,
Sandwich,-,6,721,759,"1,518",,,,,,
Sandwich,-,7,734,809,"1,599",,,,,,
Saugus,-,1,682,584,"1,317",,,,,,
Saugus,-,2,646,534,"1,222",,,,,,
Saugus,-,3,640,615,"1,297",,,,,,
Saugus,-,4,776,746,"1,561",,,,,,
Saugus,-,5,743,752,"1,535",,,,,,
Saugus,-,6,637,564,"1,239",,,,,,
Saugus,-,7,627,735,"1,402",,,,,,
Saugus,-,8,728,586,"1,360",,,,,,
Saugus,-,9,673,644,"1,358",,,,,,
Saugus,-,10,617,554,"1,213",,,,,,
Savoy,-,1,274,111,404,,,,,,
Scituate,-,1,"1,045",910,"1,992",,,,,,
Scituate,-,2,974,986,"2,004",,,,,,
Scituate,-,3,982,761,"1,782",,,,,,
Scituate,-,4,980,915,"1,946",,,,,,
Scituate,-,5,953,785,"1,780",,,,,,
Scituate,-,6,916,764,"1,730",,,,,,
Seekonk,-,1,"1,027",800,"1,883",,,,,,
Seekonk,-,2,"1,045",839,"1,977",,,,,,
Seekonk,-,3,"1,034",734,"1,841",,,,,,
Seekonk,-,4,961,688,"1,717",,,,,,
Sharon,-,1,"1,337",622,"2,029",,,,,,
Sharon,-,2,"1,255",668,"1,984",,,,,,
Sharon,-,3,"1,369",610,"2,068",,,,,,
Sharon,-,4,"1,321",615,"2,021",,,,,,
Sharon,-,5,"1,340",664,"2,072",,,,,,
Sheffield,-,1,"1,378",452,"1,905",,,,,,
Shelburne,-,1,916,246,"1,212",,,,,,
Sherborn,-,1,"1,609","1,029","2,705",,,,,,
Shirley,-,1,"1,609","1,421","3,144",,,,,,
Shrewsbury,-,1,"1,085",898,"2,038",,,,,,
Shrewsbury,-,2,"1,077",678,"1,832",,,,,,
Shrewsbury,-,3,908,535,"1,508",,,,,,
Shrewsbury,-,4,"1,149",844,"2,057",,,,,,
Shrewsbury,-,5,"1,119",734,"1,900",,,,,,
Shrewsbury,-,6,"1,139",709,"1,910",,,,,,
Shrewsbury,-,7,"1,159","1,052","2,268",,,,,,
Shrewsbury,-,8,"1,245","1,047","2,358",,,,,,
Shrewsbury,-,9,"1,119",799,"1,958",,,,,,
Shutesbury,-,1,"1,038",154,"1,232",,,,,,
Somerset,-,1,"1,326",805,"2,232",,,,,,
Somerset,-,2,"1,316",792,"2,189",,,,,,
Somerset,-,3,"1,333",646,"2,085",,,,,,
Somerset,-,4,"1,202",639,"1,888",,,,,,
Somerset,-,5,"1,191",655,"1,909",,,,,,
Somerville,1,1,744,213,991,,,,,,
Somerville,1,2,883,269,"1,191",,,,,,
Somerville,1,3,684,213,934,,,,,,
Somerville,2,1,"1,248",163,"1,455",,,,,,
Somerville,2,2,"1,503",196,"1,762",,,,,,
Somerville,2,3,"1,553",250,"1,869",,,,,,
Somerville,3,1,"1,335",217,"1,614",,,,,,
Somerville,3,2,"1,324",268,"1,646",,,,,,
Somerville,3,3,"1,521",243,"1,832",,,,,,
Somerville,4,1,796,260,"1,087",,,,,,
Somerville,4,2,924,201,"1,165",,,,,,
Somerville,4,3,"1,016",274,"1,331",,,,,,
Somerville,5,1,"1,360",314,"1,752",,,,,,
Somerville,5,2,"1,314",272,"1,663",,,,,,
Somerville,5,3,"1,674",292,"2,035",,,,,,
Somerville,6,1,"1,822",260,"2,150",,,,,,
Somerville,6,2,"1,742",258,"2,066",,,,,,
Somerville,6,3,978,170,"1,195",,,,,,
Somerville,7,1,"1,645",318,"2,040",,,,,,
Somerville,7,2,"1,355",252,"1,663",,,,,,
Somerville,7,3,"1,244",312,"1,620",,,,,,
S. Hadley,-,A,"1,059",532,"1,635",,,,,,
S. Hadley,-,B,"1,323",729,"2,104",,,,,,
S. Hadley,-,C,"1,215",793,"2,055",,,,,,
S. Hadley,-,D,824,380,"1,234",,,,,,
S. Hadley,-,E,"1,250",765,"2,082",,,,,,
Southampton,-,1,"1,911","1,416","3,428",,,,,,
Southborough,-,1,"1,169",822,"2,052",,,,,,
Southborough,-,2,983,794,"1,828",,,,,,
Southborough,-,3,"1,049",763,"1,852",,,,,,
Southbridge,-,1,821,434,"1,308",,,,,,
Southbridge,-,2,792,362,"1,200",,,,,,
Southbridge,-,3,947,565,"1,563",,,,,,
Southbridge,-,4,"1,131",711,"1,897",,,,,,
Southbridge,-,5,775,274,"1,076",,,,,,
Southwick,-,1,806,970,"1,834",,,,,,
Southwick,-,2,637,588,"1,272",,,,,,
Southwick,-,3,824,909,"1,788",,,,,,
Spencer,-,1,724,676,"1,455",,,,,,
Spencer,-,2,597,586,"1,223",,,,,,
Spencer,-,3,718,734,"1,491",,,,,,
Spencer,-,4,760,701,"1,500",,,,,,
Springfield,1,A,643,35,696,,,,,,
Springfield,1,B,494,39,548,,,,,,
Springfield,1,C,399,39,469,,,,,,
Springfield,1,D,670,97,793,,,,,,
Springfield,1,E,392,40,441,,,,,,
Springfield,1,F,563,68,654,,,,,,
Springfield,1,G,590,69,675,,,,,,
Springfield,1,H,499,60,571,,,,,,
Springfield,2,A,613,137,763,,,,,,
Springfield,2,B,756,232,"1,017",,,,,,
Springfield,2,C,649,166,838,,,,,,
Springfield,2,D,693,235,952,,,,,,
Springfield,2,E,748,261,"1,038",,,,,,
Springfield,2,F,649,186,865,,,,,,
Springfield,2,G,721,338,"1,082",,,,,,
Springfield,2,H,670,233,930,,,,,,
Springfield,3,A,477,70,556,,,,,,
Springfield,3,B,402,56,464,,,,,,
Springfield,3,C,319,55,385,,,,,,
Springfield,3,D,448,37,490,,,,,,
Springfield,3,E,476,57,540,,,,,,
Springfield,3,F,430,126,567,,,,,,
Springfield,3,G,396,69,476,,,,,,
Springfield,3,H,491,89,596,,,,,,
Springfield,4,A,676,63,749,,,,,,
Springfield,4,B,766,33,808,,,,,,
Springfield,4,C,627,30,661,,,,,,
Springfield,4,D,618,21,647,,,,,,
Springfield,4,E,595,28,634,,,,,,
Springfield,4,F,290,17,309,,,,,,
Springfield,4,G,766,43,819,,,,,,
Springfield,4,H,725,19,753,,,,,,
Springfield,5,A,673,59,742,,,,,,
Springfield,5,B,762,142,923,,,,,,
Springfield,5,C,630,205,861,,,,,,
Springfield,5,D,606,339,977,,,,,,
Springfield,5,E,991,223,"1,236",,,,,,
Springfield,5,F,810,238,"1,075",,,,,,
Springfield,5,G,700,404,"1,133",,,,,,
Springfield,5,H,746,413,"1,197",,,,,,
Springfield,6,A,422,122,556,,,,,,
Springfield,6,B,734,275,"1,038",,,,,,
Springfield,6,C,658,260,954,,,,,,
Springfield,6,D,708,369,"1,103",,,,,,
Springfield,6,E,522,155,693,,,,,,
Springfield,6,F,568,165,749,,,,,,
Springfield,6,G,652,214,905,,,,,,
Springfield,6,H,592,342,971,,,,,,
Springfield,7,A,692,363,"1,091",,,,,,
Springfield,7,B,846,460,"1,332",,,,,,
Springfield,7,C,748,449,"1,234",,,,,,
Springfield,7,D,687,379,"1,095",,,,,,
Springfield,7,E,643,176,834,,,,,,
Springfield,7,F,717,416,"1,167",,,,,,
Springfield,7,G,719,470,"1,219",,,,,,
Springfield,7,H,425,186,621,,,,,,
Springfield,8,A,582,243,850,,,,,,
Springfield,8,B,684,188,887,,,,,,
Springfield,8,C,765,146,932,,,,,,
Springfield,8,D,499,116,633,,,,,,
Springfield,8,E,442,133,591,,,,,,
Springfield,8,F,630,236,890,,,,,,
Springfield,8,G,751,282,"1,062",,,,,,
Springfield,8,H,661,115,784,,,,,,
Sterling,-,1,"1,024","1,125","2,217",,,,,,
Sterling,-,2,"1,135","1,298","2,497",,,,,,
Stockbridge,-,1,998,214,"1,253",,,,,,
Stoneham,-,1,967,616,"1,628",,,,,,
Stoneham,-,2,981,709,"1,733",,,,,,
Stoneham,-,3,"1,038",860,"1,952",,,,,,
Stoneham,-,4,881,723,"1,646",,,,,,
Stoneham,-,5,905,840,"1,791",,,,,,
Stoneham,-,6,897,828,"1,762",,,,,,
Stoneham,-,7,956,655,"1,644",,,,,,
Stoughton,-,1,"1,067",693,"1,817",,,,,,
Stoughton,-,2,990,660,"1,711",,,,,,
Stoughton,-,3,963,722,"1,728",,,,,,
Stoughton,-,4,"1,180",978,"2,224",,,,,,
Stoughton,-,5,849,599,"1,491",,,,,,
Stoughton,-,6,"1,167",677,"1,903",,,,,,
Stoughton,-,7,"1,034",594,"1,688",,,,,,
Stoughton,-,8,665,373,"1,074",,,,,,
Stow,-,1,"2,319","1,592","4,024",,,,,,
Sturbridge,-,1,"1,342","1,017","2,430",,,,,,
Sturbridge,-,2,"1,396","1,305","2,778",,,,,,
Sudbury,-,1,"1,321",854,"2,208",,,,,,
Sudbury,-,2,"1,264",656,"1,962",,,,,,
Sudbury,-,3,"1,249",761,"2,061",,,,,,
Sudbury,-,4,"1,364",644,"2,058",,,,,,
Sudbury,-,5,"1,304",698,"2,038",,,,,,
Sunderland,-,1,"1,433",383,"1,880",,,,,,
Sutton,-,1,824,952,"1,837",,,,,,
Sutton,-,2,740,948,"1,744",,,,,,
Sutton,-,3,798,836,"1,693",,,,,,
Swampscott,-,1,946,534,"1,525",,,,,,
Swampscott,-,2,702,395,"1,136",,,,,,
Swampscott,-,3,815,409,"1,275",,,,,,
Swampscott,-,4,890,458,"1,383",,,,,,
Swampscott,-,5,813,490,"1,351",,,,,,
Swampscott,-,6,937,558,"1,521",,,,,,
Swansea,-,1,981,795,"1,833",,,,,,
Swansea,-,2,"1,002",616,"1,670",,,,,,
Swansea,-,3,898,604,"1,551",,,,,,
Swansea,-,4,979,693,"1,723",,,,,,
Swansea,-,5,"1,027",700,"1,786",,,,,,
Taunton,1,A,755,445,"1,239",,,,,,
Taunton,1,B,904,690,"1,648",,,,,,
Taunton,2,A,535,216,785,,,,,,
Taunton,2,B,704,319,"1,078",,,,,,
Taunton,3,A,818,421,"1,288",,,,,,
Taunton,3,B,"1,052",662,"1,769",,,,,,
Taunton,4,A,795,637,"1,490",,,,,,
Taunton,4,B,948,660,"1,665",,,,,,
Taunton,5,A,784,413,"1,236",,,,,,
Taunton,5,B,654,355,"1,051",,,,,,
Taunton,6,A,735,359,"1,134",,,,,,
Taunton,6,B,862,463,"1,376",,,,,,
Taunton,7,A,929,670,"1,659",,,,,,
Taunton,7,B,966,883,"1,908",,,,,,
Taunton,8,A,857,751,"1,649",,,,,,
Taunton,8,B,945,733,"1,757",,,,,,
Templeton,-,A,"1,055",943,"2,086",,,,,,
Templeton,-,B,854,758,"1,666",,,,,,
Tewksbury,-,1,993,"1,050","2,107",,,,,,
Tewksbury,-,1A,917,880,"1,853",,,,,,
Tewksbury,-,2,893,902,"1,847",,,,,,
Tewksbury,-,2A,901,888,"1,844",,,,,,
Tewksbury,-,3,"1,087","1,106","2,244",,,,,,
Tewksbury,-,3A,946,"1,072","2,064",,,,,,
Tewksbury,-,4,877,861,"1,788",,,,,,
Tewksbury,-,4A,"1,014",924,"1,999",,,,,,
Tisbury,-,1,"1,830",541,"2,440",,,,,,
Tolland,-,1,128,138,276,,,,,,
Topsfield,-,1,"1,824","1,837","3,859",,,,,,
Townsend,-,1,713,877,"1,643",,,,,,
Townsend,-,2,839,865,"1,769",,,,,,
Townsend,-,3,774,830,"1,648",,,,,,
Truro,-,1,"1,056",353,"1,446",,,,,,
Tyngsborough,-,1,718,759,"1,506",,,,,,
Tyngsborough,-,2,691,697,"1,425",,,,,,
Tyngsborough,-,3,707,714,"1,448",,,,,,
Tyngsborough,-,4,839,915,"1,782",,,,,,
Tyringham,-,1,194,79,280,,,,,,
Upton,-,1,"2,077","1,927","4,135",,,,,,
Uxbridge,-,1,799,883,"1,739",,,,,,
Uxbridge,-,2,981,854,"1,894",,,,,,
Uxbridge,-,3,859,948,"1,861",,,,,,
Uxbridge,-,4,837,847,"1,740",,,,,,
Wakefield,-,1,"1,117","1,013","2,187",,,,,,
Wakefield,-,2,941,653,"1,636",,,,,,
Wakefield,-,3,"1,040",851,"1,947",,,,,,
Wakefield,-,4,"1,237",939,"2,235",,,,,,
Wakefield,-,5,"1,133",867,"2,068",,,,,,
Wakefield,-,6,"1,158",852,"2,067",,,,,,
Wakefield,-,7,"1,117",943,"2,106",,,,,,
Wales,-,1,537,446,"1,020",,,,,,
Walpole,-,1,908,803,"1,759",,,,,,
Walpole,-,2,873,830,"1,742",,,,,,
Walpole,-,3,822,836,"1,703",,,,,,
Walpole,-,4,"1,030",944,"2,016",,,,,,
Walpole,-,5,560,638,"1,219",,,,,,
Walpole,-,6,856,802,"1,706",,,,,,
Walpole,-,7,849,922,"1,822",,,,,,
Walpole,-,8,702,937,"1,688",,,,,,
Waltham,1,1,977,674,"1,697",,,,,,
Waltham,1,2,"1,044",695,"1,782",,,,,,
Waltham,2,1,"1,011",611,"1,672",,,,,,
Waltham,2,2,"1,005",460,"1,509",,,,,,
Waltham,3,1,931,798,"1,769",,,,,,
Waltham,3,2,988,637,"1,700",,,,,,
Waltham,4,1,969,713,"1,736",,,,,,
Waltham,4,2,403,173,586,,,,,,
Waltham,5,1,888,574,"1,507",,,,,,
Waltham,5,2,767,292,"1,089",,,,,,
Waltham,6,1,822,399,"1,267",,,,,,
Waltham,6,2,931,449,"1,430",,,,,,
Waltham,7,1,"1,181",634,"1,859",,,,,,
Waltham,7,2,415,137,566,,,,,,
Waltham,8,1,779,273,"1,102",,,,,,
Waltham,8,2,950,442,"1,434",,,,,,
Waltham,9,1,564,193,787,,,,,,
Waltham,9,2,651,229,913,,,,,,
Ware,-,A,811,465,"1,326",,,,,,
Ware,-,B,750,618,"1,436",,,,,,
Ware,-,C,991,738,"1,793",,,,,,
Wareham,-,1,"1,083",719,"1,862",,,,,,
Wareham,-,2,"1,081",729,"1,867",,,,,,
Wareham,-,3,"1,050",722,"1,819",,,,,,
Wareham,-,4,"1,095",693,"1,843",,,,,,
Wareham,-,5,"1,055",886,"1,993",,,,,,
Wareham,-,6,835,649,"1,530",,,,,,
Warren,-,A,845,798,"1,715",,,,,,
Warren,-,B,339,264,628,,,,,,
Warwick,-,1,328,110,453,,,,,,
Washington,-,1,258,82,351,,,,,,
Watertown,-,1,800,327,"1,160",,,,,,
Watertown,-,2,944,287,"1,268",,,,,,
Watertown,-,3,"1,078",301,"1,416",,,,,,
Watertown,-,4,975,311,"1,325",,,,,,
Watertown,-,5,"1,205",320,"1,563",,,,,,
Watertown,-,6,"1,006",323,"1,379",,,,,,
Watertown,-,7,"1,148",455,"1,639",,,,,,
Watertown,-,8,"1,043",441,"1,526",,,,,,
Watertown,-,9,634,237,890,,,,,,
Watertown,-,10,970,490,"1,488",,,,,,
Watertown,-,11,816,397,"1,243",,,,,,
Watertown,-,12,901,360,"1,303",,,,,,
Wayland,-,1,"1,361",587,"1,997",,,,,,
Wayland,-,2,"1,399",612,"2,057",,,,,,
Wayland,-,3,"1,290",560,"1,899",,,,,,
Wayland,-,4,"1,438",717,"2,215",,,,,,
Webster,-,1,600,441,"1,091",,,,,,
Webster,-,2,506,331,871,,,,,,
Webster,-,3,679,565,"1,298",,,,,,
Webster,-,4,896,990,"1,957",,,,,,
Webster,-,5,780,648,"1,488",,,,,,
Wellesley,-,A,"1,540",724,"2,318",,,,,,
Wellesley,-,B,"1,539",796,"2,397",,,,,,
Wellesley,-,C,"1,240","1,057","2,374",,,,,,
Wellesley,-,D,"1,467",595,"2,109",,,,,,
Wellesley,-,E,"1,408",823,"2,305",,,,,,
Wellesley,-,F,"1,174",619,"1,842",,,,,,
Wellesley,-,G,902,271,"1,215",,,,,,
Wellfleet,-,1,"1,550",597,"2,213",,,,,,
Wendell,-,1,474,69,568,,,,,,
Wenham,-,1,"1,182","1,108","2,345",,,,,,
W. Boylston,-,1,987,869,"1,905",,,,,,
W. Boylston,-,2,"1,032","1,022","2,109",,,,,,
W. Bridgewater,-,1,832,"1,121","2,012",,,,,,
W. Bridgewater,-,2,869,"1,042","1,980",,,,,,
W. Brookfield,-,1,"1,010",936,"2,033",,,,,,
W. Newbury,-,1,"1,508","1,202","2,772",,,,,,
W. Springfield,-,1,477,203,727,,,,,,
W. Springfield,-,2,575,272,891,,,,,,
W. Springfield,-,3,821,579,"1,437",,,,,,
W. Springfield,-,4,944,640,"1,649",,,,,,
W. Springfield,-,5,"1,117",925,"2,100",,,,,,
W. Springfield,-,6,976,855,"1,885",,,,,,
W. Springfield,-,7,"1,043","1,122","2,223",,,,,,
W. Springfield,-,8,798,532,"1,377",,,,,,
W. Stockbridge,-,1,720,152,903,,,,,,
W. Tisbury,-,1,"1,531",299,"1,874",,,,,,
Westborough,-,1,831,487,"1,352",,,,,,
Westborough,-,2,944,595,"1,591",,,,,,
Westborough,-,3,"1,057",597,"1,700",,,,,,
Westborough,-,4,"1,252",881,"2,190",,,,,,
Westborough,-,5,"1,224",936,"2,230",,,,,,
Westfield,1,A,917,785,"1,751",,,,,,
Westfield,1,B,790,655,"1,495",,,,,,
Westfield,2,A,602,292,927,,,,,,
Westfield,2,B,751,600,"1,450",,,,,,
Westfield,3,A,533,289,854,,,,,,
Westfield,3,B,866,563,"1,489",,,,,,
Westfield,4,A,528,390,937,,,,,,
Westfield,4,B,981,913,"1,954",,,,,,
Westfield,5,A,847,811,"1,722",,,,,,
Westfield,5,B,918,999,"1,971",,,,,,
Westfield,6,A,845,798,"1,695",,,,,,
Westfield,6,B,726,667,"1,443",,,,,,
Westford,-,1,"1,069",915,"2,025",,,,,,
Westford,-,2,"1,083",864,"2,004",,,,,,
Westford,-,3,"1,143",966,"2,163",,,,,,
Westford,-,4,"1,207",883,"2,135",,,,,,
Westford,-,5,"1,249",964,"2,258",,,,,,
Westford,-,6,"1,044",909,"1,997",,,,,,
Westhampton,-,1,681,414,"1,114",,,,,,
Westminster,-,1,"1,098","1,001","2,193",,,,,,
Westminster,-,2,"1,046",991,"2,109",,,,,,
Weston,-,1,"1,134",639,"1,816",,,,,,
Weston,-,2,913,588,"1,547",,,,,,
Weston,-,3,897,599,"1,530",,,,,,
Weston,-,4,958,620,"1,610",,,,,,
Westport,-,A,"1,078",561,"1,696",,,,,,
Westport,-,B,"1,141",782,"1,986",,,,,,
Westport,-,C,926,461,"1,441",,,,,,
Westport,-,D,976,542,"1,562",,,,,,
Westport,-,E,"1,198",741,"1,985",,,,,,
Westwood,-,1,"1,193",984,"2,236",,,,,,
Westwood,-,2,"1,212",977,"2,243",,,,,,
Westwood,-,3,"1,207",965,"2,222",,,,,,
Westwood,-,4,952,"1,059","2,074",,,,,,
Weymouth,-,1,796,597,"1,427",,,,,,
Weymouth,-,2,872,695,"1,620",,,,,,
Weymouth,-,3,818,813,"1,686",,,,,,
Weymouth,-,4,797,774,"1,631",,,,,,
Weymouth,-,5,781,499,"1,321",,,,,,
Weymouth,-,6,947,777,"1,776",,,,,,
Weymouth,-,7,904,781,"1,735",,,,,,
Weymouth,-,8,834,590,"1,463",,,,,,
Weymouth,-,9,880,767,"1,700",,,,,,
Weymouth,-,10,639,488,"1,159",,,,,,
Weymouth,-,11,828,741,"1,627",,,,,,
Weymouth,-,12,861,808,"1,721",,,,,,
Weymouth,-,13,756,492,"1,283",,,,,,
Weymouth,-,14,789,576,"1,406",,,,,,
Weymouth,-,15,866,780,"1,690",,,,,,
Weymouth,-,16,869,873,"1,792",,,,,,
Weymouth,-,17,727,527,"1,300",,,,,,
Weymouth,-,18,763,780,"1,593",,,,,,
Whately,-,1,660,290,994,,,,,,
Whitman,-,1,967,890,"1,911",,,,,,
Whitman,-,2,826,887,"1,763",,,,,,
Whitman,-,3,833,893,"1,789",,,,,,
Whitman,-,4,878,861,"1,786",,,,,,
Wilbraham,-,A,"1,065",944,"2,092",,,,,,
Wilbraham,-,B,"1,034","1,011","2,119",,,,,,
Wilbraham,-,C,"1,017","1,045","2,127",,,,,,
Wilbraham,-,D,"1,114","1,062","2,246",,,,,,
Williamsburg,-,1,"1,309",331,"1,700",,,,,,
Williamstown,-,1,"1,202",352,"1,582",,,,,,
Williamstown,-,2,488,58,560,,,,,,
Williamstown,-,3,"1,267",297,"1,596",,,,,,
Wilmington,-,1,940,933,"1,925",,,,,,
Wilmington,-,2,951,995,"1,992",,,,,,
Wilmington,-,3,972,"1,038","2,068",,,,,,
Wilmington,-,4,935,"1,037","2,016",,,,,,
Wilmington,-,5,"1,076","1,011","2,144",,,,,,
Wilmington,-,6,938,909,"1,897",,,,,,
Winchendon,-,1,705,547,"1,306",,,,,,
Winchendon,-,2,847,730,"1,646",,,,,,
Winchendon,-,3,742,589,"1,371",,,,,,
Winchester,-,1,982,567,"1,577",,,,,,
Winchester,-,2,724,469,"1,234",,,,,,
Winchester,-,3,"1,171",508,"1,713",,,,,,
Winchester,-,4,"1,034",662,"1,733",,,,,,
Winchester,-,5,850,732,"1,618",,,,,,
Winchester,-,6,816,754,"1,603",,,,,,
Winchester,-,7,949,648,"1,630",,,,,,
Winchester,-,8,855,506,"1,400",,,,,,
Windsor,-,1,398,142,557,,,,,,
Winthrop,-,1,838,649,"1,533",,,,,,
Winthrop,-,2,884,704,"1,634",,,,,,
Winthrop,-,3,873,532,"1,450",,,,,,
Winthrop,-,4,913,551,"1,509",,,,,,
Winthrop,-,5,896,654,"1,594",,,,,,
Winthrop,-,6,880,494,"1,432",,,,,,
Woburn,1,1,683,528,"1,241",,,,,,
Woburn,1,2,818,590,"1,445",,,,,,
Woburn,2,1,783,555,"1,380",,,,,,
Woburn,2,2,542,340,913,,,,,,
Woburn,3,1,714,618,"1,371",,,,,,
Woburn,3,2,827,679,"1,547",,,,,,
Woburn,4,1,804,777,"1,630",,,,,,
Woburn,4,2,639,498,"1,177",,,,,,
Woburn,5,1,887,623,"1,533",,,,,,
Woburn,5,2,750,668,"1,463",,,,,,
Woburn,6,1,616,451,"1,105",,,,,,
Woburn,6,2,685,624,"1,341",,,,,,
Woburn,7,1,760,767,"1,565",,,,,,
Woburn,7,2,729,748,"1,518",,,,,,
Worcester,1,1,"1,269",666,"1,999",,,,,,
Worcester,1,2,"1,254",779,"2,089",,,,,,
Worcester,1,3,745,524,"1,300",,,,,,
Worcester,1,4,"1,186",536,"1,768",,,,,,
Worcester,1,5,"1,100",675,"1,838",,,,,,
Worcester,2,1,"1,055",542,"1,638",,,,,,
Worcester,2,2,"1,028",564,"1,652",,,,,,
Worcester,2,3,970,568,"1,590",,,,,,
Worcester,2,4,"1,080",326,"1,444",,,,,,
Worcester,2,5,685,95,797,,,,,,
Worcester,3,1,996,493,"1,540",,,,,,
Worcester,3,2,444,149,614,,,,,,
Worcester,3,3,717,311,"1,068",,,,,,
Worcester,3,4,589,137,749,,,,,,
Worcester,3,5,"1,027",451,"1,520",,,,,,
Worcester,4,1,584,172,786,,,,,,
Worcester,4,2,750,350,"1,148",,,,,,
Worcester,4,3,656,106,796,,,,,,
Worcester,4,4,750,402,"1,190",,,,,,
Worcester,4,5,885,455,"1,390",,,,,,
Worcester,5,1,698,265,"1,002",,,,,,
Worcester,5,2,865,464,"1,378",,,,,,
Worcester,5,3,997,678,"1,735",,,,,,
Worcester,5,4,976,618,"1,652",,,,,,
Worcester,5,5,970,535,"1,554",,,,,,
Worcester,6,1,540,148,705,,,,,,
Worcester,6,2,633,266,926,,,,,,
Worcester,6,3,694,265,996,,,,,,
Worcester,6,4,331,165,513,,,,,,
Worcester,6,5,868,438,"1,354",,,,,,
Worcester,7,1,"1,041",457,"1,555",,,,,,
Worcester,7,2,725,300,"1,060",,,,,,
Worcester,7,3,955,434,"1,426",,,,,,
Worcester,7,4,864,490,"1,400",,,,,,
Worcester,7,5,952,536,"1,539",,,,,,
Worcester,8,1,548,177,766,,,,,,
Worcester,8,2,570,141,727,,,,,,
Worcester,8,3,525,86,632,,,,,,
Worcester,8,4,722,214,971,,,,,,
Worcester,8,5,565,251,840,,,,,,
Worcester,9,1,978,437,"1,456",,,,,,
Worcester,9,2,"1,060",404,"1,514",,,,,,
Worcester,9,3,"1,104",496,"1,649",,,,,,
Worcester,9,4,"1,139",603,"1,793",,,,,,
Worcester,9,5,"1,240",645,"1,932",,,,,,
Worcester,10,1,625,205,882,,,,,,
Worcester,10,2,586,141,752,,,,,,
Worcester,10,3,691,146,860,,,,,,
Worcester,10,4,466,73,558,,,,,,
Worcester,10,5,654,95,765,,,,,,
Worthington,-,1,510,222,758,,,,,,
Wrentham,-,1,909,945,"1,928",,,,,,
Wrentham,-,2,"1,137","1,333","2,529",,,,,,
Wrentham,-,3,865,795,"1,714",,,,,,
Yarmouth,-,1,"1,187",906,"2,159",,,,,,
Yarmouth,-,2,"1,147","1,068","2,279",,,,,,
Yarmouth,-,3,842,676,"1,557",,,,,,
Yarmouth,-,4,"1,078",851,"1,998",,,,,,
Yarmouth,-,5,988,816,"1,858",,,,,,
Yarmouth,-,6,949,717,"1,717",,,,,,
Yarmouth,-,7,"1,356","1,153","2,571",,,,,,
TOTALS,,,"1,904,097","1,108,854","3,102,995",,,,,,