City/Town,Ward,Pct,Edward J. Markey,Brian J. Herr,Total Votes Cast,,
Abington,-,1,548,479,"1,068",,
Abington,-,2,564,483,"1,086",,
Abington,-,3,579,541,"1,172",,
Abington,-,4,662,588,"1,304",,
Abington,-,5,640,579,"1,283",,
Acton,-,1,833,374,"1,244",,
Acton,-,2,869,517,"1,426",,
Acton,-,3,"1,049",540,"1,640",,
Acton,-,4,"1,110",456,"1,611",,
Acton,-,5,"1,042",411,"1,506",,
Acton,-,6,798,476,"1,309",,
Acushnet,-,1,639,321,"1,000",,
Acushnet,-,2,610,442,"1,109",,
Acushnet,-,3,575,421,"1,036",,
Adams,-,1,289,91,395,,
Adams,-,2,335,110,460,,
Adams,-,3,313,99,431,,
Adams,-,4,318,76,406,,
Adams,-,5,410,117,546,,
Agawam,-,1,508,475,"1,046",,
Agawam,-,2,730,741,"1,568",,
Agawam,-,3,599,513,"1,199",,
Agawam,-,4,534,470,"1,059",,
Agawam,-,5,721,646,"1,469",,
Agawam,-,6,554,595,"1,228",,
Agawam,-,7,609,651,"1,359",,
Agawam,-,8,678,631,"1,376",,
Alford,-,1,155,46,209,,
Amesbury,-,1,631,507,"1,184",,
Amesbury,-,2,570,323,926,,
Amesbury,-,3,606,421,"1,059",,
Amesbury,-,4,492,346,870,,
Amesbury,-,5,504,501,"1,037",,
Amesbury,-,6,525,309,869,,
Amherst,-,1,463,57,534,,
Amherst,-,2,883,125,"1,037",,
Amherst,-,3,375,61,450,,
Amherst,-,4,313,63,387,,
Amherst,-,5,623,56,711,,
Amherst,-,6,959,117,"1,110",,
Amherst,-,7,850,105,996,,
Amherst,-,8,"1,182",165,"1,392",,
Amherst,-,9,779,56,862,,
Amherst,-,10,382,47,455,,
Andover,-,1,692,450,"1,178",,
Andover,-,2,814,723,"1,591",,
Andover,-,3,837,638,"1,507",,
Andover,-,4,678,707,"1,429",,
Andover,-,5,690,767,"1,505",,
Andover,-,6,663,715,"1,439",,
Andover,-,7,611,563,"1,205",,
Andover,-,7A,157,163,332,,
Andover,-,8,748,755,"1,551",,
Andover,-,9,724,687,"1,465",,
Andover,-,9A,1,8,9,,
Aquinnah,-,1,171,22,200,,
Arlington,-,1,558,112,700,,
Arlington,-,2,764,202,997,,
Arlington,-,3,715,143,877,,
Arlington,-,4,683,150,861,,
Arlington,-,5,631,161,815,,
Arlington,-,6,658,158,848,,
Arlington,-,7,595,167,788,,
Arlington,-,8,859,182,"1,074",,
Arlington,-,9,678,198,914,,
Arlington,-,10,830,173,"1,044",,
Arlington,-,11,762,255,"1,052",,
Arlington,-,12,919,244,"1,204",,
Arlington,-,13,637,363,"1,037",,
Arlington,-,14,686,184,894,,
Arlington,-,15,735,217,990,,
Arlington,-,16,718,232,979,,
Arlington,-,17,559,151,728,,
Arlington,-,18,673,332,"1,043",,
Arlington,-,19,801,240,"1,067",,
Arlington,-,20,720,188,936,,
Arlington,-,21,703,164,893,,
Ashburnham,-,1,"1,092","1,036","2,194",,
Ashby,-,1,602,653,"1,304",,
Ashfield,-,1,679,156,867,,
Ashland,-,1,594,455,"1,083",,
Ashland,-,2,600,589,"1,224",,
Ashland,-,3,614,482,"1,127",,
Ashland,-,4,711,425,"1,174",,
Ashland,-,5,632,468,"1,128",,
Athol,-,1,597,581,"1,245",,
Athol,-,2,476,516,"1,029",,
Athol,-,3,586,464,"1,099",,
Attleboro,1,A,484,424,947,,
Attleboro,1,B,526,456,"1,030",,
Attleboro,2,A,623,534,"1,207",,
Attleboro,2,B,595,522,"1,156",,
Attleboro,3,A,564,433,"1,041",,
Attleboro,3,B,592,538,"1,185",,
Attleboro,4,A,438,315,780,,
Attleboro,4,B,689,673,"1,438",,
Attleboro,5,A,341,164,519,,
Attleboro,5,B,517,429,974,,
Attleboro,6,A,477,414,933,,
Attleboro,6,B,551,486,"1,085",,
Auburn,-,1,654,637,"1,353",,
Auburn,-,2,623,613,"1,294",,
Auburn,-,3,669,634,"1,376",,
Auburn,-,4,624,501,"1,184",,
Auburn,-,5,553,538,"1,137",,
Avon,-,1,927,687,"1,700",,
Ayer,-,1,679,518,"1,238",,
Ayer,-,2,646,555,"1,252",,
Barnstable,-,1,929,912,"1,898",,
Barnstable,-,2,795,781,"1,612",,
Barnstable,-,3,623,464,"1,121",,
Barnstable,-,4,712,749,"1,504",,
Barnstable,-,5,721,"1,059","1,814",,
Barnstable,-,6,814,750,"1,596",,
Barnstable,-,7,899,878,"1,828",,
Barnstable,-,8,565,381,969,,
Barnstable,-,9,341,220,570,,
Barnstable,-,10,594,704,"1,337",,
Barnstable,-,11,820,921,"1,805",,
Barnstable,-,12,710,822,"1,562",,
Barnstable,-,13,633,493,"1,156",,
Barre,-,1,475,512,"1,035",,
Barre,-,2,413,462,922,,
Becket,-,1,393,182,593,,
Bedford,-,1,935,553,"1,536",,
Bedford,-,2,747,528,"1,328",,
Bedford,-,3,917,523,"1,487",,
Bedford,-,4,770,512,"1,313",,
Belchertown,-,A,727,488,"1,265",,
Belchertown,-,B,661,582,"1,294",,
Belchertown,-,C,718,635,"1,435",,
Belchertown,-,D,849,389,"1,281",,
Bellingham,-,1,495,543,"1,090",,
Bellingham,-,2,650,604,"1,308",,
Bellingham,-,3,583,536,"1,178",,
Bellingham,-,4,437,480,958,,
Bellingham,-,4A,53,67,127,,
Bellingham,-,5,488,465,"1,001",,
Belmont,-,1,952,332,"1,348",,
Belmont,-,2,848,524,"1,425",,
Belmont,-,3,881,331,"1,261",,
Belmont,-,4,759,261,"1,054",,
Belmont,-,5,898,302,"1,237",,
Belmont,-,6,"1,025",305,"1,380",,
Belmont,-,7,848,294,"1,189",,
Belmont,-,8,871,517,"1,451",,
Berkley,-,1,532,565,"1,147",,
Berkley,-,2,460,490,986,,
Berlin,-,1,725,631,"1,411",,
Bernardston,-,1,521,256,808,,
Beverly,1,1,641,439,"1,134",,
Beverly,1,2,805,497,"1,376",,
Beverly,2,1,664,269,971,,
Beverly,2,2,775,392,"1,217",,
Beverly,3,1,489,259,778,,
Beverly,3,2,712,361,"1,138",,
Beverly,4,1,507,315,866,,
Beverly,4,2,"1,078",493,"1,635",,
Beverly,5,1,736,521,"1,340",,
Beverly,5,2,718,536,"1,311",,
Beverly,6,1,788,620,"1,478",,
Beverly,6,2,786,690,"1,550",,
Billerica,-,1,702,537,"1,281",,
Billerica,-,2,750,586,"1,380",,
Billerica,-,3,716,569,"1,324",,
Billerica,-,4,557,527,"1,133",,
Billerica,-,5,741,707,"1,506",,
Billerica,-,6,544,530,"1,120",,
Billerica,-,7,616,543,"1,198",,
Billerica,-,8,705,681,"1,452",,
Billerica,-,9,610,603,"1,273",,
Billerica,-,10,670,667,"1,377",,
Billerica,-,11,579,563,"1,190",,
Blackstone,-,1,454,402,892,,
Blackstone,-,2,526,450,"1,016",,
Blackstone,-,3,439,525,"1,005",,
Blandford,-,1,224,272,515,,
Bolton,-,1,"1,168","1,059","2,294",,
Boston,1,1,439,109,595,,
Boston,1,2,287,55,390,,
Boston,1,3,618,129,835,,
Boston,1,4,193,48,276,,
Boston,1,5,307,74,434,,
Boston,1,6,261,70,368,,
Boston,1,7,304,64,426,,
Boston,1,8,419,100,594,,
Boston,1,9,292,60,386,,
Boston,1,10,175,38,253,,
Boston,1,11,457,166,700,,
Boston,1,12,423,183,687,,
Boston,1,13,544,178,803,,
Boston,1,14,253,115,412,,
Boston,1,15,3,0,3,,
Boston,2,1,732,299,"1,138",,
Boston,2,2,776,304,"1,170",,
Boston,2,3,557,280,913,,
Boston,2,4,477,171,699,,
Boston,2,5,581,232,879,,
Boston,2,6,733,260,"1,088",,
Boston,2,7,501,195,757,,
Boston,3,1,954,497,"1,563",,
Boston,3,2,427,223,702,,
Boston,3,3,356,171,575,,
Boston,3,4,431,220,710,,
Boston,3,5,826,323,"1,205",,
Boston,3,6,940,496,"1,508",,
Boston,3,7,"1,313",256,"1,635",,
Boston,3,8,880,289,"1,529",,
Boston,4,1,772,183,997,,
Boston,4,2,862,322,"1,259",,
Boston,4,3,527,113,661,,
Boston,4,4,674,131,860,,
Boston,4,5,492,123,647,,
Boston,4,6,329,101,468,,
Boston,4,7,352,65,441,,
Boston,4,8,315,75,422,,
Boston,4,9,187,15,232,,
Boston,4,10,112,14,130,,
Boston,5,1,"1,122",347,"1,763",,
Boston,5,2,308,62,390,,
Boston,5,2A,226,62,303,,
Boston,5,3,585,295,920,,
Boston,5,4,630,239,905,,
Boston,5,5,230,117,360,,
Boston,5,6,504,299,834,,
Boston,5,7,634,379,"1,060",,
Boston,5,8,532,272,836,,
Boston,5,9,692,308,"1,035",,
Boston,5,10,428,135,596,,
Boston,5,11,421,158,604,,
Boston,6,1,978,350,"1,415",,
Boston,6,2,310,137,496,,
Boston,6,3,424,202,668,,
Boston,6,4,430,231,723,,
Boston,6,5,421,218,720,,
Boston,6,6,437,255,783,,
Boston,6,7,383,245,706,,
Boston,6,8,377,236,703,,
Boston,6,9,341,285,726,,
Boston,7,1,364,222,671,,
Boston,7,2,391,287,779,,
Boston,7,3,466,329,911,,
Boston,7,4,378,240,679,,
Boston,7,5,315,147,509,,
Boston,7,6,316,88,452,,
Boston,7,7,326,47,426,,
Boston,7,8,303,118,463,,
Boston,7,9,326,97,456,,
Boston,7,10,326,30,418,,
Boston,8,1,329,33,415,,
Boston,8,2,632,108,807,,
Boston,8,3,336,15,384,,
Boston,8,4,194,6,220,,
Boston,8,5,369,30,476,,
Boston,8,6,125,18,163,,
Boston,8,7,289,16,347,,
Boston,9,1,553,80,706,,
Boston,9,2,698,126,870,,
Boston,9,3,877,64,"1,026",,
Boston,9,4,520,35,598,,
Boston,9,5,678,23,789,,
Boston,10,1,278,35,350,,
Boston,10,2,261,28,317,,
Boston,10,3,239,33,303,,
Boston,10,4,418,79,588,,
Boston,10,5,333,41,397,,
Boston,10,6,340,34,412,,
Boston,10,7,463,24,582,,
Boston,10,8,589,78,722,,
Boston,10,9,803,82,927,,
Boston,11,1,335,18,378,,
Boston,11,2,501,23,588,,
Boston,11,3,404,18,455,,
Boston,11,4,616,39,756,,
Boston,11,5,570,26,655,,
Boston,11,6,513,40,583,,
Boston,11,7,708,42,782,,
Boston,11,8,668,54,756,,
Boston,11,9,514,43,580,,
Boston,11,10,582,39,650,,
Boston,12,1,539,14,615,,
Boston,12,2,686,20,778,,
Boston,12,3,352,18,404,,
Boston,12,4,317,10,372,,
Boston,12,5,287,5,343,,
Boston,12,6,283,9,325,,
Boston,12,7,708,23,862,,
Boston,12,8,208,4,244,,
Boston,12,9,345,15,391,,
Boston,13,1,437,24,506,,
Boston,13,2,174,12,206,,
Boston,13,3,298,43,396,,
Boston,13,4,314,11,356,,
Boston,13,5,275,26,356,,
Boston,13,6,435,62,563,,
Boston,13,7,413,111,570,,
Boston,13,8,343,84,475,,
Boston,13,9,438,88,577,,
Boston,13,10,667,222,978,,
Boston,14,1,661,30,748,,
Boston,14,2,741,17,837,,
Boston,14,3,370,12,417,,
Boston,14,4,428,14,477,,
Boston,14,5,331,6,372,,
Boston,14,6,327,15,389,,
Boston,14,7,338,10,380,,
Boston,14,8,426,7,488,,
Boston,14,9,361,15,425,,
Boston,14,10,402,13,471,,
Boston,14,11,312,12,342,,
Boston,14,12,253,6,297,,
Boston,14,13,374,11,415,,
Boston,14,14,386,5,464,,
Boston,15,1,393,21,480,,
Boston,15,2,305,8,358,,
Boston,15,3,172,10,224,,
Boston,15,4,496,66,669,,
Boston,15,5,342,14,400,,
Boston,15,6,215,62,316,,
Boston,15,7,307,11,355,,
Boston,15,8,252,60,348,,
Boston,15,9,329,58,425,,
Boston,16,1,280,94,414,,
Boston,16,2,260,104,402,,
Boston,16,3,443,77,580,,
Boston,16,4,400,85,524,,
Boston,16,5,431,120,605,,
Boston,16,6,561,102,755,,
Boston,16,7,437,217,726,,
Boston,16,8,512,150,727,,
Boston,16,9,496,260,867,,
Boston,16,10,441,179,683,,
Boston,16,11,552,169,796,,
Boston,16,12,488,220,830,,
Boston,17,1,340,8,400,,
Boston,17,2,259,24,320,,
Boston,17,3,622,47,722,,
Boston,17,4,747,73,899,,
Boston,17,5,258,10,305,,
Boston,17,6,480,38,565,,
Boston,17,7,235,9,271,,
Boston,17,8,384,16,444,,
Boston,17,9,408,38,473,,
Boston,17,10,560,13,621,,
Boston,17,11,191,15,223,,
Boston,17,12,390,23,462,,
Boston,17,13,584,119,781,,
Boston,17,14,436,43,524,,
Boston,18,1,730,19,811,,
Boston,18,2,520,11,594,,
Boston,18,3,638,20,708,,
Boston,18,4,635,18,712,,
Boston,18,5,680,23,784,,
Boston,18,6,770,48,899,,
Boston,18,7,520,75,643,,
Boston,18,8,887,94,"1,092",,
Boston,18,9,578,130,759,,
Boston,18,10,870,143,"1,088",,
Boston,18,11,477,67,602,,
Boston,18,12,564,127,738,,
Boston,18,13,324,34,387,,
Boston,18,14,338,34,409,,
Boston,18,15,539,39,639,,
Boston,18,16,635,255,962,,
Boston,18,17,569,123,764,,
Boston,18,18,689,135,925,,
Boston,18,19,769,175,"1,042",,
Boston,18,20,747,258,"1,088",,
Boston,18,21,751,21,840,,
Boston,18,22,671,187,927,,
Boston,18,23,396,19,459,,
Boston,19,1,629,42,696,,
Boston,19,2,743,242,"1,048",,
Boston,19,3,571,59,646,,
Boston,19,4,809,50,886,,
Boston,19,5,693,59,800,,
Boston,19,6,929,70,"1,040",,
Boston,19,7,769,75,892,,
Boston,19,8,460,48,537,,
Boston,19,9,438,33,484,,
Boston,19,10,687,100,861,,
Boston,19,11,418,32,509,,
Boston,19,12,528,75,639,,
Boston,19,13,439,65,544,,
Boston,20,1,617,156,822,,
Boston,20,2,670,134,861,,
Boston,20,3,575,246,915,,
Boston,20,4,618,104,763,,
Boston,20,5,570,303,946,,
Boston,20,6,695,291,"1,070",,
Boston,20,7,423,170,632,,
Boston,20,8,497,145,664,,
Boston,20,9,518,132,694,,
Boston,20,10,671,339,"1,094",,
Boston,20,11,340,137,524,,
Boston,20,12,389,221,673,,
Boston,20,13,396,180,628,,
Boston,20,14,380,210,638,,
Boston,20,15,611,295,"1,008",,
Boston,20,16,630,373,"1,099",,
Boston,20,17,752,357,"1,217",,
Boston,20,18,386,167,601,,
Boston,20,19,382,211,635,,
Boston,20,20,624,269,947,,
Boston,21,1,357,89,472,,
Boston,21,2,104,9,115,,
Boston,21,3,218,31,261,,
Boston,21,4,177,27,213,,
Boston,21,5,305,41,360,,
Boston,21,6,324,66,410,,
Boston,21,7,356,60,439,,
Boston,21,8,377,64,459,,
Boston,21,9,385,72,491,,
Boston,21,10,328,85,436,,
Boston,21,11,383,116,513,,
Boston,21,12,368,112,578,,
Boston,21,13,537,178,879,,
Boston,21,14,247,44,301,,
Boston,21,15,286,70,371,,
Boston,21,16,469,155,651,,
Boston,22,1,421,89,563,,
Boston,22,2,512,120,685,,
Boston,22,3,463,135,647,,
Boston,22,4,354,98,486,,
Boston,22,5,278,66,385,,
Boston,22,6,257,81,357,,
Boston,22,7,465,113,605,,
Boston,22,8,336,145,515,,
Boston,22,9,340,125,501,,
Boston,22,10,491,151,690,,
Boston,22,11,310,106,443,,
Boston,22,12,301,101,439,,
Boston,22,13,267,93,390,,
Bourne,-,1,440,553,"1,021",,
Bourne,-,2,581,723,"1,342",,
Bourne,-,3,280,306,601,,
Bourne,-,4,635,608,"1,294",,
Bourne,-,5,605,605,"1,254",,
Bourne,-,6,432,496,952,,
Bourne,-,7,481,568,"1,084",,
Boxborough,-,1,"1,242",799,"2,102",,
Boxford,-,1,474,683,"1,206",,
Boxford,-,2,535,715,"1,280",,
Boxford,-,3,479,688,"1,209",,
Boylston,-,1,969,"1,035","2,075",,
Braintree,-,1A,655,506,"1,234",,
Braintree,-,1B,550,456,"1,085",,
Braintree,-,2A,715,562,"1,356",,
Braintree,-,2B,662,544,"1,310",,
Braintree,-,3A,612,384,"1,043",,
Braintree,-,3B,671,420,"1,139",,
Braintree,-,4A,546,439,"1,032",,
Braintree,-,4B,533,361,939,,
Braintree,-,5A,635,503,"1,211",,
Braintree,-,5B,677,545,"1,301",,
Braintree,-,6A,701,647,"1,436",,
Braintree,-,6B,717,543,"1,331",,
Brewster,-,1,941,749,"1,732",,
Brewster,-,2,946,676,"1,680",,
Brewster,-,3,805,691,"1,534",,
Bridgewater,-,1,753,848,"1,686",,
Bridgewater,-,2,681,728,"1,490",,
Bridgewater,-,3,776,814,"1,663",,
Bridgewater,-,4,357,337,734,,
Bridgewater,-,5,224,192,445,,
Bridgewater,-,6,509,408,961,,
Bridgewater,-,7,708,576,"1,359",,
Brimfield,-,1,570,801,"1,446",,
Brockton,1,A,464,136,630,,
Brockton,1,B,638,272,964,,
Brockton,1,C,498,212,744,,
Brockton,1,D,748,361,"1,170",,
Brockton,2,A,374,32,463,,
Brockton,2,B,348,54,425,,
Brockton,2,C,311,39,392,,
Brockton,2,D,499,168,694,,
Brockton,3,A,496,168,699,,
Brockton,3,B,471,98,605,,
Brockton,3,C,702,348,"1,096",,
Brockton,3,D,684,370,"1,097",,
Brockton,4,A,315,52,404,,
Brockton,4,B,549,170,774,,
Brockton,4,C,616,262,909,,
Brockton,4,D,529,233,824,,
Brockton,5,A,442,66,565,,
Brockton,5,B,658,231,926,,
Brockton,5,C,523,147,709,,
Brockton,5,D,656,291,"1,012",,
Brockton,6,A,396,137,555,,
Brockton,6,B,610,336,987,,
Brockton,6,C,542,209,795,,
Brockton,6,D,596,366,"1,011",,
Brockton,7,A,451,86,556,,
Brockton,7,B,629,146,834,,
Brockton,7,C,598,136,765,,
Brockton,7,D,596,238,871,,
Brookfield,-,1,561,625,"1,245",,
Brookline,-,1,854,195,"1,069",,
Brookline,-,2,592,104,715,,
Brookline,-,3,991,213,"1,245",,
Brookline,-,4,812,193,"1,047",,
Brookline,-,5,"1,069",195,"1,316",,
Brookline,-,6,"1,090",162,"1,290",,
Brookline,-,7,862,158,"1,052",,
Brookline,-,8,988,137,"1,147",,
Brookline,-,9,939,149,"1,120",,
Brookline,-,10,897,197,"1,122",,
Brookline,-,11,975,168,"1,173",,
Brookline,-,12,"1,171",256,"1,468",,
Brookline,-,13,936,263,"1,239",,
Brookline,-,14,910,308,"1,264",,
Brookline,-,15,877,471,"1,401",,
Brookline,-,16,885,269,"1,181",,
Buckland,-,1,550,174,750,,
Burlington,-,1,808,735,"1,619",,
Burlington,-,2,489,347,865,,
Burlington,-,3,762,580,"1,403",,
Burlington,-,4,684,494,"1,227",,
Burlington,-,5,784,676,"1,518",,
Burlington,-,6,739,628,"1,431",,
Burlington,-,7,713,516,"1,271",,
Cambridge,1,1,697,171,888,,
Cambridge,1,2,724,123,897,,
Cambridge,1,3,775,123,968,,
Cambridge,2,1,767,50,869,,
Cambridge,2,2,116,32,149,,
Cambridge,2,3,334,70,409,,
Cambridge,3,1,818,107,990,,
Cambridge,3,2,565,46,623,,
Cambridge,3,2A,371,31,427,,
Cambridge,3,3,824,58,916,,
Cambridge,4,1,"1,072",64,"1,179",,
Cambridge,4,2,"1,097",111,"1,241",,
Cambridge,4,3,345,34,388,,
Cambridge,5,1,893,73,"1,009",,
Cambridge,5,2,"1,054",113,"1,199",,
Cambridge,5,3,784,62,870,,
Cambridge,6,1,"1,074",102,"1,213",,
Cambridge,6,2,940,89,"1,053",,
Cambridge,6,3,"1,086",133,"1,253",,
Cambridge,7,1,"1,114",77,"1,219",,
Cambridge,7,2,534,65,618,,
Cambridge,7,3,321,34,363,,
Cambridge,8,1,725,75,815,,
Cambridge,8,2,780,87,890,,
Cambridge,8,3,195,20,218,,
Cambridge,9,1,"1,444",189,"1,661",,
Cambridge,9,2,"1,277",168,"1,475",,
Cambridge,9,3,"1,143",186,"1,366",,
Cambridge,10,1,"1,298",136,"1,466",,
Cambridge,10,2,"1,332",136,"1,502",,
Cambridge,10,3,969,92,"1,088",,
Cambridge,11,1,671,51,746,,
Cambridge,11,2,"1,332",172,"1,542",,
Cambridge,11,3,"1,053",128,"1,215",,
Canton,-,1,695,524,"1,279",,
Canton,-,2,870,646,"1,592",,
Canton,-,3,715,532,"1,306",,
Canton,-,4,840,792,"1,721",,
Canton,-,5,799,641,"1,509",,
Canton,-,6,752,541,"1,367",,
Carlisle,-,1,"1,493",951,"2,541",,
Carver,-,1,602,684,"1,333",,
Carver,-,2,566,617,"1,235",,
Carver,-,3,714,760,"1,526",,
Charlemont,-,1,284,138,444,,
Charlton,-,1,477,589,"1,120",,
Charlton,-,2,434,723,"1,203",,
Charlton,-,3,463,665,"1,158",,
Charlton,-,4,434,596,"1,083",,
Chatham,-,1,"1,754","1,760","3,606",,
Chelmsford,-,1,805,700,"1,569",,
Chelmsford,-,2,659,524,"1,237",,
Chelmsford,-,3,784,722,"1,576",,
Chelmsford,-,4,663,659,"1,388",,
Chelmsford,-,5,789,687,"1,550",,
Chelmsford,-,6,831,753,"1,681",,
Chelmsford,-,7,920,881,"1,881",,
Chelmsford,-,8,861,701,"1,616",,
Chelmsford,-,9,822,787,"1,680",,
Chelsea,1,1,193,46,275,,
Chelsea,1,2,121,22,171,,
Chelsea,1,3,175,33,229,,
Chelsea,1,4,137,12,175,,
Chelsea,2,1,499,166,776,,
Chelsea,2,2,203,26,260,,
Chelsea,2,3,123,9,148,,
Chelsea,2,4,169,12,208,,
Chelsea,3,1,203,38,269,,
Chelsea,3,2,238,61,334,,
Chelsea,3,3,234,38,320,,
Chelsea,3,4,253,56,337,,
Chelsea,4,1,242,65,343,,
Chelsea,4,2,331,119,510,,
Chelsea,4,3,288,101,420,,
Chelsea,4,4,259,85,380,,
Cheshire,-,1,650,334,"1,013",,
Chester,-,1,204,239,467,,
Chesterfield,-,1,322,204,549,,
Chicopee,1,A,555,360,966,,
Chicopee,1,B,759,450,"1,286",,
Chicopee,2,A,380,164,575,,
Chicopee,2,B,624,377,"1,052",,
Chicopee,3,A,481,293,802,,
Chicopee,3,B,386,195,615,,
Chicopee,4,A,470,323,831,,
Chicopee,4,B,498,279,822,,
Chicopee,5,A,516,309,886,,
Chicopee,5,B,523,294,849,,
Chicopee,6,AN,159,104,279,,
Chicopee,6,AS,369,216,627,,
Chicopee,6,BE,549,497,"1,098",,
Chicopee,6,BW,110,87,206,,
Chicopee,7,A,361,185,569,,
Chicopee,7,B,429,215,671,,
Chicopee,8,A,541,358,942,,
Chicopee,8,B,454,310,811,,
Chicopee,9,A,585,356,981,,
Chicopee,9,B,686,456,"1,203",,
Chilmark,-,1,403,98,511,,
Clarksburg,-,1,381,168,570,,
Clinton,-,1,654,518,"1,210",,
Clinton,-,2,571,449,"1,063",,
Clinton,-,3,602,456,"1,101",,
Clinton,-,4,658,392,"1,099",,
Cohasset,-,1,782,920,"1,783",,
Cohasset,-,2,876,871,"1,836",,
Colrain,-,1,399,178,601,,
Concord,-,1,"1,076",502,"1,625",,
Concord,-,2,"1,251",478,"1,780",,
Concord,-,3,"1,160",588,"1,803",,
Concord,-,4,"1,260",555,"1,880",,
Concord,-,5,761,401,"1,186",,
Conway,-,1,716,211,960,,
Cummington,-,1,306,106,425,,
Dalton,-,1,696,290,"1,013",,
Dalton,-,2,699,315,"1,043",,
Danvers,-,1,668,474,"1,183",,
Danvers,-,2,703,522,"1,272",,
Danvers,-,3,573,470,"1,096",,
Danvers,-,4,675,583,"1,324",,
Danvers,-,5,748,627,"1,426",,
Danvers,-,6,710,685,"1,465",,
Danvers,-,7,696,574,"1,323",,
Danvers,-,8,573,460,"1,071",,
Dartmouth,-,1,569,470,"1,076",,
Dartmouth,-,2,495,276,797,,
Dartmouth,-,3,71,25,99,,
Dartmouth,-,4,619,305,948,,
Dartmouth,-,5,771,450,"1,255",,
Dartmouth,-,6,614,258,904,,
Dartmouth,-,7,696,453,"1,200",,
Dartmouth,-,8,"1,017",470,"1,538",,
Dartmouth,-,9,959,573,"1,585",,
Dedham,-,1,911,560,"1,535",,
Dedham,-,2,854,511,"1,445",,
Dedham,-,3,683,392,"1,144",,
Dedham,-,4,755,447,"1,284",,
Dedham,-,5,832,547,"1,471",,
Dedham,-,6,849,527,"1,455",,
Dedham,-,7,822,640,"1,561",,
Deerfield,-,1,"1,596",587,"2,260",,
Dennis,-,1,798,771,"1,608",,
Dennis,-,2,870,755,"1,682",,
Dennis,-,3,587,496,"1,126",,
Dennis,-,4,744,619,"1,403",,
Dennis,-,5,664,521,"1,238",,
Dighton,-,1,552,569,"1,186",,
Dighton,-,2,563,544,"1,166",,
Douglas,-,1,371,639,"1,065",,
Douglas,-,2,406,626,"1,080",,
Douglas,-,3,361,537,937,,
Dover,-,1,"1,174","1,437","2,718",,
Dracut,-,1,460,409,903,,
Dracut,-,2,479,450,977,,
Dracut,-,3,602,606,"1,265",,
Dracut,-,4,605,733,"1,396",,
Dracut,-,5,506,538,"1,104",,
Dracut,-,6,540,521,"1,120",,
Dracut,-,6A,31,19,53,,
Dracut,-,7,498,469,"1,007",,
Dracut,-,8,697,825,"1,585",,
Dracut,-,9,604,568,"1,220",,
Dudley,-,1,670,704,"1,416",,
Dudley,-,2,501,534,"1,084",,
Dudley,-,3,477,518,"1,043",,
Dunstable,-,1,636,707,"1,394",,
Duxbury,-,1,564,639,"1,253",,
Duxbury,-,2,467,711,"1,219",,
Duxbury,-,3,480,556,"1,074",,
Duxbury,-,4,518,594,"1,152",,
Duxbury,-,5,555,597,"1,193",,
Duxbury,-,6,519,578,"1,128",,
E. Bridgewater,-,1,558,579,"1,205",,
E. Bridgewater,-,2,523,634,"1,211",,
E. Bridgewater,-,3,663,673,"1,420",,
E. Bridgewater,-,4,518,580,"1,157",,
E. Brookfield,-,1,368,472,882,,
E. Longmeadow,-,1,729,730,"1,578",,
E. Longmeadow,-,2,764,645,"1,492",,
E. Longmeadow,-,3,713,716,"1,536",,
E. Longmeadow,-,4,726,945,"1,762",,
Eastham,-,1,"1,668","1,088","2,828",,
Easthampton,-,1,836,342,"1,228",,
Easthampton,-,2,797,246,"1,094",,
Easthampton,-,3,789,262,"1,103",,
Easthampton,-,4,"1,025",335,"1,416",,
Easthampton,-,5,854,509,"1,424",,
Easton,-,1,355,414,808,,
Easton,-,2,785,684,"1,550",,
Easton,-,3,651,599,"1,304",,
Easton,-,4,731,794,"1,596",,
Easton,-,5,832,712,"1,619",,
Easton,-,6,642,718,"1,410",,
Edgartown,-,1,"1,063",607,"1,716",,
Egremont,-,1,468,137,632,,
Erving,-,1,335,170,519,,
Essex,-,1,853,741,"1,648",,
Everett,1,1,562,148,771,,
Everett,1,2,456,124,645,,
Everett,2,1,555,165,762,,
Everett,2,2,470,141,648,,
Everett,3,1,679,186,925,,
Everett,3,2,583,183,825,,
Everett,4,1,666,199,924,,
Everett,4,2,547,151,751,,
Everett,5,1,557,175,792,,
Everett,5,2,560,190,800,,
Everett,6,1,564,166,791,,
Everett,6,2,548,142,746,,
Fairhaven,-,1,574,349,953,,
Fairhaven,-,2,585,293,911,,
Fairhaven,-,3,422,188,633,,
Fairhaven,-,4,553,280,866,,
Fairhaven,-,5,584,364,989,,
Fairhaven,-,6,549,305,882,,
Fall River,1,A,582,251,892,,
Fall River,1,B,426,180,652,,
Fall River,1,C,436,211,690,,
Fall River,2,A,290,94,415,,
Fall River,2,B,291,94,408,,
Fall River,2,C,346,154,533,,
Fall River,3,A,488,174,717,,
Fall River,3,B,452,175,658,,
Fall River,3,C,445,219,698,,
Fall River,4,A,334,117,471,,
Fall River,4,B,331,100,464,,
Fall River,4,C,387,74,493,,
Fall River,5,A,220,61,300,,
Fall River,5,B,184,41,241,,
Fall River,5,B1,29,9,41,,
Fall River,5,C,277,69,383,,
Fall River,6,A,478,234,761,,
Fall River,6,B,358,108,500,,
Fall River,6,C,424,176,645,,
Fall River,6,C1,7,5,13,,
Fall River,7,A,428,215,688,,
Fall River,7,B,273,127,426,,
Fall River,7,C,393,117,551,,
Fall River,8,A,365,149,551,,
Fall River,8,B,673,315,"1,077",,
Fall River,8,C,682,322,"1,084",,
Fall River,9,A,813,416,"1,327",,
Fall River,9,B,514,255,823,,
Fall River,9,C,457,208,739,,
Falmouth,-,1,"1,340",516,"1,903",,
Falmouth,-,2,998,567,"1,605",,
Falmouth,-,3,805,677,"1,531",,
Falmouth,-,4,800,684,"1,522",,
Falmouth,-,5,"1,015",810,"1,876",,
Falmouth,-,6,906,728,"1,675",,
Falmouth,-,7,726,678,"1,447",,
Falmouth,-,8,763,737,"1,536",,
Falmouth,-,9,708,576,"1,332",,
Fitchburg,1,A,319,215,568,,
Fitchburg,1,B,405,286,737,,
Fitchburg,2,A,270,152,446,,
Fitchburg,2,B,477,370,900,,
Fitchburg,3,A,714,568,"1,364",,
Fitchburg,3,B,441,350,822,,
Fitchburg,4,A,280,188,501,,
Fitchburg,4,B,359,171,561,,
Fitchburg,5,A,566,575,"1,211",,
Fitchburg,5,B,225,110,355,,
Fitchburg,6,A,561,397,"1,022",,
Fitchburg,6,B,366,187,590,,
Florida,-,1,137,93,242,,
Foxborough,-,1,627,554,"1,236",,
Foxborough,-,2,793,682,"1,549",,
Foxborough,-,3,729,672,"1,486",,
Foxborough,-,4,727,678,"1,470",,
Foxborough,-,5,609,662,"1,318",,
Framingham,-,1,996,571,"1,623",,
Framingham,-,2,"1,040",558,"1,647",,
Framingham,-,3,832,385,"1,262",,
Framingham,-,4,"1,025",587,"1,659",,
Framingham,-,5,960,516,"1,513",,
Framingham,-,6,955,514,"1,521",,
Framingham,-,7,806,457,"1,306",,
Framingham,-,8,891,371,"1,298",,
Framingham,-,9,585,263,883,,
Framingham,-,10,424,165,610,,
Framingham,-,11,"1,032",602,"1,677",,
Framingham,-,12,453,207,685,,
Framingham,-,13,626,243,892,,
Framingham,-,14,391,122,534,,
Framingham,-,15,495,167,677,,
Framingham,-,16,250,72,337,,
Framingham,-,17,283,37,335,,
Framingham,-,18,365,159,550,,
Franklin,-,1,753,646,"1,478",,
Franklin,-,2,631,630,"1,323",,
Franklin,-,3,751,641,"1,457",,
Franklin,-,4,725,882,"1,688",,
Franklin,-,5,807,728,"1,605",,
Franklin,-,6,719,575,"1,355",,
Franklin,-,7,761,849,"1,700",,
Franklin,-,8,739,853,"1,661",,
Freetown,-,1,448,500,973,,
Freetown,-,2,528,407,963,,
Freetown,-,3,468,481,979,,
Gardner,1,A,429,340,801,,
Gardner,1,B,125,150,286,,
Gardner,2,A,352,227,606,,
Gardner,2,B,365,314,708,,
Gardner,3,A,300,164,489,,
Gardner,3,B,422,257,716,,
Gardner,4,A,326,205,553,,
Gardner,4,B,198,99,313,,
Gardner,5,A,266,200,483,,
Gardner,5,B,379,333,743,,
Georgetown,-,1,582,650,"1,273",,
Georgetown,-,2,472,601,"1,100",,
Georgetown,-,3,514,490,"1,034",,
Gill,-,1,471,152,649,,
Gloucester,1,1,858,463,"1,399",,
Gloucester,1,2,643,358,"1,055",,
Gloucester,2,1,488,225,759,,
Gloucester,2,2,501,202,744,,
Gloucester,3,1,560,275,866,,
Gloucester,3,2,599,329,986,,
Gloucester,4,1,697,425,"1,197",,
Gloucester,4,2,955,482,"1,509",,
Gloucester,5,1,738,534,"1,333",,
Gloucester,5,2,713,551,"1,322",,
Goshen,-,1,285,144,451,,
Gosnold,-,1,27,19,46,,
Grafton,-,1,632,666,"1,362",,
Grafton,-,2,623,648,"1,334",,
Grafton,-,3,575,625,"1,251",,
Grafton,-,4,514,500,"1,060",,
Grafton,-,5,743,752,"1,556",,
Granby,-,1,706,580,"1,355",,
Granby,-,2,579,569,"1,206",,
Granville,-,1,258,411,694,,
Great Barrington,-,A,573,131,765,,
Great Barrington,-,B,566,138,749,,
Great Barrington,-,C,429,82,531,,
Great Barrington,-,D,599,137,772,,
Greenfield,-,1,385,168,584,,
Greenfield,-,2,538,238,828,,
Greenfield,-,3,475,128,665,,
Greenfield,-,4,542,153,737,,
Greenfield,-,5,509,105,693,,
Greenfield,-,6,475,99,628,,
Greenfield,-,7,346,130,499,,
Greenfield,-,8,351,66,435,,
Greenfield,-,9,330,140,496,,
Groton,-,1,848,689,"1,642",,
Groton,-,2,708,624,"1,403",,
Groton,-,3,800,602,"1,467",,
Groveland,-,1,638,744,"1,441",,
Groveland,-,2,627,752,"1,431",,
Hadley,-,1,"1,503",614,"2,212",,
Halifax,-,1,659,765,"1,489",,
Halifax,-,2,672,695,"1,415",,
Hamilton,-,1,581,563,"1,196",,
Hamilton,-,2,551,642,"1,236",,
Hamilton,-,3,423,406,870,,
Hampden,-,1,959,"1,130","2,213",,
Hancock,-,1,141,92,243,,
Hanover,-,1,667,852,"1,569",,
Hanover,-,2,680,824,"1,579",,
Hanover,-,3,713,755,"1,541",,
Hanover,-,4,616,895,"1,579",,
Hanson,-,1,618,688,"1,364",,
Hanson,-,2,713,720,"1,498",,
Hanson,-,3,572,640,"1,273",,
Hardwick,-,1,525,442,"1,018",,
Harvard,-,1,"1,602",981,"2,715",,
Harwich,-,1,894,718,"1,652",,
Harwich,-,2,833,713,"1,582",,
Harwich,-,3,790,739,"1,567",,
Harwich,-,4,698,552,"1,279",,
Hatfield,-,1,995,436,"1,484",,
Haverhill,1,1,283,142,445,,
Haverhill,1,2,407,215,655,,
Haverhill,1,3,434,265,724,,
Haverhill,2,1,413,294,736,,
Haverhill,2,2,445,358,836,,
Haverhill,2,3,288,134,437,,
Haverhill,3,1,239,75,333,,
Haverhill,3,2,380,160,574,,
Haverhill,3,3,382,243,656,,
Haverhill,4,1,545,527,"1,127",,
Haverhill,4,2,626,588,"1,279",,
Haverhill,4,3,600,469,"1,130",,
Haverhill,5,1,584,385,"1,029",,
Haverhill,5,2,604,554,"1,200",,
Haverhill,5,3,617,707,"1,366",,
Haverhill,6,1,454,354,835,,
Haverhill,6,2,534,404,"1,001",,
Haverhill,6,3,586,495,"1,130",,
Haverhill,7,1,628,473,"1,152",,
Haverhill,7,2,505,372,918,,
Haverhill,7,3,578,589,"1,226",,
Hawley,-,1,90,49,146,,
Heath,-,1,198,107,313,,
Hingham,-,1,803,692,"1,563",,
Hingham,-,2,858,744,"1,669",,
Hingham,-,3,826,760,"1,668",,
Hingham,-,4,802,845,"1,712",,
Hingham,-,5,557,607,"1,207",,
Hingham,-,5A,576,302,912,,
Hingham,-,6,806,835,"1,707",,
Hinsdale,-,1,431,222,680,,
Holbrook,-,1,616,356,"1,042",,
Holbrook,-,2,631,461,"1,166",,
Holbrook,-,3,615,431,"1,106",,
Holbrook,-,4,616,354,"1,033",,
Holden,-,1,649,816,"1,529",,
Holden,-,2,703,827,"1,603",,
Holden,-,3,710,742,"1,509",,
Holden,-,4,703,831,"1,623",,
Holden,-,5,788,873,"1,734",,
Holland,-,1,397,471,912,,
Holliston,-,1,832,858,"1,731",,
Holliston,-,2,880,672,"1,593",,
Holliston,-,3,811,585,"1,431",,
Holliston,-,4,691,648,"1,382",,
Holyoke,1,A,329,46,412,,
Holyoke,1,B,375,87,505,,
Holyoke,2,A,385,79,499,,
Holyoke,2,B,247,48,318,,
Holyoke,3,A,570,197,832,,
Holyoke,3,B,693,302,"1,078",,
Holyoke,4,A,285,64,369,,
Holyoke,4,B,455,86,577,,
Holyoke,5,A,760,538,"1,382",,
Holyoke,5,B,552,223,825,,
Holyoke,6,A,479,153,686,,
Holyoke,6,B,535,185,754,,
Holyoke,7,A,709,422,"1,223",,
Holyoke,7,B,691,251,"1,025",,
Hopedale,-,1,"1,185","1,109","2,395",,
Hopkinton,-,1,643,939,"1,614",,
Hopkinton,-,2,622,885,"1,538",,
Hopkinton,-,3,591,939,"1,565",,
Hopkinton,-,4,621,917,"1,558",,
Hubbardston,-,1,823,993,"1,899",,
Hudson,-,1,635,422,"1,105",,
Hudson,-,2,462,325,820,,
Hudson,-,3,589,536,"1,177",,
Hudson,-,4,582,590,"1,213",,
Hudson,-,5,708,541,"1,301",,
Hudson,-,6,445,300,771,,
Hudson,-,7,464,281,777,,
Hull,-,1,932,523,"1,517",,
Hull,-,2,792,468,"1,317",,
Hull,-,3,859,574,"1,485",,
Huntington,-,1,413,418,857,,
Ipswich,-,1,865,541,"1,467",,
Ipswich,-,2,955,676,"1,690",,
Ipswich,-,3,680,803,"1,541",,
Ipswich,-,4,779,607,"1,451",,
Kingston,-,1,564,552,"1,178",,
Kingston,-,2,590,734,"1,376",,
Kingston,-,3,546,668,"1,275",,
Kingston,-,4,599,553,"1,190",,
Lakeville,-,1,565,681,"1,285",,
Lakeville,-,2,561,793,"1,400",,
Lakeville,-,3,647,797,"1,511",,
Lancaster,-,1,608,737,"1,388",,
Lancaster,-,2,692,735,"1,487",,
Lanesborough,-,1,592,315,950,,
Lawrence,A,1,446,109,602,,
Lawrence,A,2,352,65,491,,
Lawrence,A,3,377,123,532,,
Lawrence,A,4,398,68,529,,
Lawrence,B,1,499,115,740,,
Lawrence,B,2,418,57,558,,
Lawrence,B,3,492,81,651,,
Lawrence,B,4,539,84,783,,
Lawrence,C,1,313,45,413,,
Lawrence,C,2,471,131,636,,
Lawrence,C,3,379,32,452,,
Lawrence,C,4,433,53,592,,
Lawrence,D,1,444,112,582,,
Lawrence,D,2,432,33,518,,
Lawrence,D,3,329,49,435,,
Lawrence,D,4,353,59,431,,
Lawrence,E,1,580,315,941,,
Lawrence,E,2,605,271,924,,
Lawrence,E,3,432,101,570,,
Lawrence,E,4,440,92,621,,
Lawrence,F,1,487,248,774,,
Lawrence,F,2,362,73,470,,
Lawrence,F,3,385,59,475,,
Lawrence,F,4,430,108,584,,
Lee,-,1,"1,260",449,"1,827",,
Leicester,-,1,515,535,"1,104",,
Leicester,-,2,473,419,943,,
Leicester,-,3,471,494,"1,012",,
Leicester,-,4,526,483,"1,063",,
Lenox,-,1,"1,495",459,"2,049",,
Leominster,1,A,494,520,"1,077",,
Leominster,1,B,514,503,"1,064",,
Leominster,1,C,370,286,675,,
Leominster,2,A,315,183,516,,
Leominster,2,B,410,316,755,,
Leominster,2,C,205,148,375,,
Leominster,3,A,353,249,634,,
Leominster,3,B,491,494,"1,040",,
Leominster,3,C,514,534,"1,097",,
Leominster,4,A,610,538,"1,219",,
Leominster,4,B,493,556,"1,107",,
Leominster,4,C,378,253,662,,
Leominster,5,A,408,294,738,,
Leominster,5,B,549,436,"1,040",,
Leominster,5,C,349,249,630,,
Leverett,-,1,787,125,937,,
Lexington,-,1,910,285,"1,235",,
Lexington,-,2,"1,276",333,"1,664",,
Lexington,-,3,930,285,"1,252",,
Lexington,-,4,"1,160",394,"1,605",,
Lexington,-,5,"1,071",422,"1,546",,
Lexington,-,6,"1,055",439,"1,543",,
Lexington,-,7,"1,085",402,"1,534",,
Lexington,-,8,"1,051",345,"1,454",,
Lexington,-,9,988,431,"1,468",,
Leyden,-,1,263,94,372,,
Lincoln,-,1,"1,293",418,"1,751",,
Lincoln,-,2,707,306,"1,038",,
Littleton,-,1,779,569,"1,390",,
Littleton,-,2,805,577,"1,454",,
Littleton,-,3,686,510,"1,252",,
Longmeadow,-,A,825,601,"1,505",,
Longmeadow,-,B,758,527,"1,355",,
Longmeadow,-,C,782,683,"1,536",,
Longmeadow,-,D,716,731,"1,539",,
Longmeadow,-,E,761,582,"1,420",,
Lowell,1,1,369,118,521,,
Lowell,1,2,862,590,"1,549",,
Lowell,1,3,781,512,"1,380",,
Lowell,2,1,182,58,261,,
Lowell,2,2,359,50,457,,
Lowell,2,3,574,127,727,,
Lowell,3,1,351,172,569,,
Lowell,3,2,268,98,416,,
Lowell,3,3,325,96,491,,
Lowell,4,1,451,159,685,,
Lowell,4,2,266,84,379,,
Lowell,4,3,299,71,436,,
Lowell,5,1,370,216,614,,
Lowell,5,2,295,109,425,,
Lowell,5,3,436,252,728,,
Lowell,6,1,528,303,888,,
Lowell,6,2,537,302,892,,
Lowell,6,3,510,268,826,,
Lowell,7,1,266,98,400,,
Lowell,7,2,344,66,468,,
Lowell,7,3,198,74,343,,
Lowell,8,1,369,160,581,,
Lowell,8,2,451,214,741,,
Lowell,8,3,726,400,"1,228",,
Lowell,9,1,331,171,551,,
Lowell,9,2,516,282,828,,
Lowell,9,3,337,211,589,,
Lowell,10,1,426,159,624,,
Lowell,10,2,236,68,322,,
Lowell,10,3,206,50,278,,
Lowell,11,1,362,173,561,,
Lowell,11,2,461,277,778,,
Lowell,11,3,454,244,732,,
Ludlow,-,1,641,467,"1,165",,
Ludlow,-,2,403,265,724,,
Ludlow,-,3,609,613,"1,295",,
Ludlow,-,4,620,433,"1,126",,
Ludlow,-,5,471,397,917,,
Ludlow,-,6,685,645,"1,422",,
Lunenburg,-,A,547,592,"1,187",,
Lunenburg,-,B,475,449,957,,
Lunenburg,-,C,466,556,"1,054",,
Lunenburg,-,D,473,539,"1,052",,
Lynn,1,1,825,553,"1,473",,
Lynn,1,2,874,507,"1,472",,
Lynn,1,3,747,388,"1,205",,
Lynn,1,4,694,311,"1,065",,
Lynn,2,1,888,427,"1,395",,
Lynn,2,2,539,134,709,,
Lynn,2,3,364,63,454,,
Lynn,2,4,365,82,474,,
Lynn,3,1,599,217,863,,
Lynn,3,2,471,129,628,,
Lynn,3,3,473,172,681,,
Lynn,3,4,563,167,773,,
Lynn,4,1,259,41,316,,
Lynn,4,2,292,47,368,,
Lynn,4,3,429,72,536,,
Lynn,4,4,578,196,813,,
Lynn,5,1,516,180,742,,
Lynn,5,2,266,27,317,,
Lynn,5,3,265,45,342,,
Lynn,5,4,659,161,882,,
Lynn,6,1,423,134,587,,
Lynn,6,2,238,58,318,,
Lynn,6,3,388,118,537,,
Lynn,6,4,351,85,459,,
Lynn,7,1,780,285,"1,119",,
Lynn,7,2,699,223,975,,
Lynn,7,3,436,150,627,,
Lynn,7,4,469,190,702,,
Lynnfield,-,1,600,724,"1,382",,
Lynnfield,-,2,557,630,"1,234",,
Lynnfield,-,3,590,603,"1,248",,
Lynnfield,-,4,582,864,"1,521",,
Malden,1,1,525,127,680,,
Malden,1,2,657,178,883,,
Malden,2,1,594,150,786,,
Malden,2,2,668,235,943,,
Malden,3,1,714,230,986,,
Malden,3,2,937,340,"1,321",,
Malden,4,1,474,141,648,,
Malden,4,2,413,97,537,,
Malden,5,1,658,158,853,,
Malden,5,2,926,342,"1,311",,
Malden,6,1,768,235,"1,041",,
Malden,6,2,730,238,"1,026",,
Malden,7,1,534,96,659,,
Malden,7,2,642,146,828,,
Malden,8,1,766,237,"1,046",,
Malden,8,2,470,182,677,,
Manchester-by-the-Sea,-,1,"1,398","1,156","2,663",,
Mansfield,-,1,685,767,"1,511",,
Mansfield,-,2,713,678,"1,463",,
Mansfield,-,3,757,763,"1,580",,
Mansfield,-,4,643,689,"1,395",,
Mansfield,-,5,588,456,"1,096",,
Mansfield,-,6,647,493,"1,188",,
Marblehead,-,1,957,643,"1,694",,
Marblehead,-,2,987,610,"1,663",,
Marblehead,-,3,854,547,"1,466",,
Marblehead,-,4,946,750,"1,769",,
Marblehead,-,5,954,576,"1,587",,
Marblehead,-,6,897,674,"1,641",,
Marion,-,1,"1,185","1,077","2,328",,
Marlborough,1,1,475,276,778,,
Marlborough,1,2,617,586,"1,250",,
Marlborough,2,1,563,420,"1,018",,
Marlborough,2,2,423,307,754,,
Marlborough,3,1,330,171,524,,
Marlborough,3,2,565,426,"1,020",,
Marlborough,4,1,253,188,460,,
Marlborough,4,2,616,488,"1,137",,
Marlborough,5,1,346,165,524,,
Marlborough,5,2,496,355,886,,
Marlborough,6,1,374,224,624,,
Marlborough,6,2,576,468,"1,091",,
Marlborough,7,1,477,293,789,,
Marlborough,7,2,401,385,818,,
Marshfield,-,1,782,724,"1,575",,
Marshfield,-,2,773,848,"1,686",,
Marshfield,-,3,820,645,"1,524",,
Marshfield,-,4,706,734,"1,484",,
Marshfield,-,5,666,672,"1,398",,
Marshfield,-,6,825,902,"1,805",,
Marshfield,-,7,706,912,"1,673",,
Mashpee,-,1,772,600,"1,406",,
Mashpee,-,2,541,539,"1,112",,
Mashpee,-,3,439,459,923,,
Mashpee,-,4,551,450,"1,027",,
Mashpee,-,5,668,845,"1,567",,
Mattapoisett,-,1,"1,600","1,286","3,025",,
Maynard,-,1,703,400,"1,138",,
Maynard,-,2,695,336,"1,069",,
Maynard,-,3,674,383,"1,090",,
Maynard,-,4,642,336,"1,018",,
Medfield,-,1,670,620,"1,342",,
Medfield,-,2,614,719,"1,396",,
Medfield,-,3,663,712,"1,423",,
Medfield,-,4,606,685,"1,361",,
Medford,1,1,814,278,"1,141",,
Medford,1,2,884,288,"1,216",,
Medford,2,1,849,339,"1,230",,
Medford,2,2,984,438,"1,476",,
Medford,3,1,"1,004",442,"1,520",,
Medford,3,2,"1,042",549,"1,663",,
Medford,4,1,566,120,702,,
Medford,4,2,"1,013",292,"1,365",,
Medford,5,1,771,239,"1,045",,
Medford,5,2,749,147,927,,
Medford,6,1,"1,286",280,"1,628",,
Medford,6,2,"1,040",382,"1,480",,
Medford,7,1,494,135,654,,
Medford,7,2,654,242,941,,
Medford,8,1,993,379,"1,422",,
Medford,8,2,830,268,"1,142",,
Medway,-,1,529,693,"1,260",,
Medway,-,2,629,606,"1,289",,
Medway,-,3,666,581,"1,291",,
Medway,-,4,667,681,"1,393",,
Melrose,1,1,666,288,985,,
Melrose,1,2,566,238,838,,
Melrose,2,1,587,367,989,,
Melrose,2,2,575,245,854,,
Melrose,3,1,611,234,883,,
Melrose,3,2,499,210,741,,
Melrose,4,1,516,217,759,,
Melrose,4,2,524,433,998,,
Melrose,5,1,482,202,704,,
Melrose,5,2,466,230,725,,
Melrose,6,1,520,210,758,,
Melrose,6,2,541,313,890,,
Melrose,7,1,497,261,793,,
Melrose,7,2,569,319,915,,
Mendon,-,1,"1,044","1,321","2,483",,
Merrimac,-,1,681,575,"1,319",,
Merrimac,-,2,680,595,"1,323",,
Methuen,-,1,614,533,"1,195",,
Methuen,-,2,380,106,515,,
Methuen,-,3,622,498,"1,160",,
Methuen,-,4,663,457,"1,176",,
Methuen,-,5,530,304,863,,
Methuen,-,6,672,450,"1,150",,
Methuen,-,7,688,565,"1,307",,
Methuen,-,8,730,884,"1,687",,
Methuen,-,9,624,713,"1,393",,
Methuen,-,10,624,493,"1,155",,
Methuen,-,11,751,774,"1,593",,
Methuen,-,12,526,607,"1,175",,
Middleborough,-,1,942,968,"2,015",,
Middleborough,-,2,514,488,"1,048",,
Middleborough,-,3,614,736,"1,408",,
Middleborough,-,4,474,457,976,,
Middleborough,-,5,623,796,"1,485",,
Middleborough,-,6,536,604,"1,195",,
Middlefield,-,1,147,64,218,,
Middleton,-,1,705,937,"1,711",,
Middleton,-,2,771,871,"1,725",,
Milford,-,1,407,295,766,,
Milford,-,2,613,402,"1,092",,
Milford,-,3,526,442,"1,028",,
Milford,-,4,508,306,882,,
Milford,-,5,783,720,"1,598",,
Milford,-,6,638,468,"1,184",,
Milford,-,7,623,690,"1,376",,
Milford,-,8,683,583,"1,339",,
Millbury,-,1,547,519,"1,120",,
Millbury,-,2,661,781,"1,510",,
Millbury,-,3,543,546,"1,142",,
Millbury,-,4,534,443,"1,006",,
Millis,-,1,603,542,"1,180",,
Millis,-,2,574,558,"1,180",,
Millis,-,3,581,546,"1,168",,
Millville,-,1,422,567,"1,039",,
Milton,-,1,835,186,"1,081",,
Milton,-,2,899,289,"1,260",,
Milton,-,3,752,492,"1,317",,
Milton,-,4,799,311,"1,172",,
Milton,-,5,595,338,981,,
Milton,-,6,693,584,"1,348",,
Milton,-,7,653,427,"1,175",,
Milton,-,8,729,515,"1,327",,
Milton,-,9,637,617,"1,357",,
Milton,-,10,609,162,818,,
Monroe,-,1,16,16,36,,
Monson,-,A,472,456,979,,
Monson,-,B,466,476,"1,007",,
Monson,-,C,484,482,"1,019",,
Montague,-,1,591,129,729,,
Montague,-,2,364,124,508,,
Montague,-,3,367,125,516,,
Montague,-,4,384,128,540,,
Montague,-,5,238,53,302,,
Montague,-,6,322,118,453,,
Monterey,-,1,282,69,367,,
Montgomery,-,1,151,216,394,,
Mount Washington,-,1,52,21,76,,
Nahant,-,1,"1,153",638,"1,886",,
Nantucket,-,1,"2,233","1,386","3,724",,
Natick,-,1,512,223,754,,
Natick,-,2,889,514,"1,456",,
Natick,-,3,896,539,"1,477",,
Natick,-,4,773,403,"1,207",,
Natick,-,5,844,548,"1,439",,
Natick,-,6,812,496,"1,358",,
Natick,-,7,935,464,"1,438",,
Natick,-,8,904,464,"1,412",,
Natick,-,9,876,449,"1,367",,
Natick,-,10,"1,008",723,"1,772",,
Needham,-,A,729,381,"1,177",,
Needham,-,B,771,490,"1,316",,
Needham,-,C,796,490,"1,336",,
Needham,-,D,789,456,"1,301",,
Needham,-,E,820,499,"1,390",,
Needham,-,F,846,400,"1,307",,
Needham,-,G,917,485,"1,468",,
Needham,-,H,839,500,"1,405",,
Needham,-,I,923,401,"1,380",,
Needham,-,J,849,429,"1,331",,
New Ashford,-,1,77,24,108,,
New Bedford,1,A,552,235,829,,
New Bedford,1,B,467,175,676,,
New Bedford,1,C,467,197,697,,
New Bedford,1,D,462,233,727,,
New Bedford,1,E,411,169,601,,
New Bedford,1,F,480,225,729,,
New Bedford,2,A,100,28,130,,
New Bedford,2,B,250,72,339,,
New Bedford,2,C,219,60,292,,
New Bedford,2,D,292,111,433,,
New Bedford,2,E,382,136,546,,
New Bedford,2,F,351,139,519,,
New Bedford,3,A,127,43,174,,
New Bedford,3,B,205,47,266,,
New Bedford,3,C,263,60,341,,
New Bedford,3,D,339,87,446,,
New Bedford,3,E,476,144,657,,
New Bedford,3,F,434,136,600,,
New Bedford,4,A,276,36,331,,
New Bedford,4,B,406,80,511,,
New Bedford,4,C,451,88,565,,
New Bedford,4,D,366,70,451,,
New Bedford,4,E,335,106,461,,
New Bedford,4,F,361,64,444,,
New Bedford,5,A,271,54,342,,
New Bedford,5,B,500,103,625,,
New Bedford,5,C,373,113,509,,
New Bedford,5,D,538,141,712,,
New Bedford,5,E,609,232,891,,
New Bedford,5,F,602,214,852,,
New Bedford,6,A,429,158,626,,
New Bedford,6,B,404,127,556,,
New Bedford,6,C,179,24,221,,
New Bedford,6,D,137,33,183,,
New Bedford,6,E,228,52,294,,
New Bedford,6,F,275,78,376,,
New Braintree,-,1,210,208,438,,
New Marlborough,-,1,367,179,557,,
New Salem,-,1,287,161,462,,
Newbury,-,1,943,683,"1,686",,
Newbury,-,2,816,810,"1,682",,
Newburyport,1,P,198,145,361,,
Newburyport,1,1,725,348,"1,122",,
Newburyport,2,1,921,368,"1,338",,
Newburyport,3,1,887,432,"1,380",,
Newburyport,4,1,942,560,"1,560",,
Newburyport,5,1,603,499,"1,166",,
Newburyport,6,1,751,551,"1,358",,
Newton,1,1,578,236,857,,
Newton,1,2,726,217,970,,
Newton,1,3,700,191,924,,
Newton,1,4,564,294,921,,
Newton,2,1,754,285,"1,071",,
Newton,2,2,569,179,784,,
Newton,2,3,966,241,"1,250",,
Newton,2,4,998,214,"1,262",,
Newton,3,1,843,287,"1,179",,
Newton,3,2,852,251,"1,150",,
Newton,3,3,754,293,"1,087",,
Newton,3,4,746,278,"1,077",,
Newton,4,1,727,263,"1,027",,
Newton,4,2,730,186,958,,
Newton,4,3,549,160,732,,
Newton,4,4,687,246,975,,
Newton,5,1,643,230,902,,
Newton,5,2,837,165,"1,034",,
Newton,5,3,"1,059",268,"1,380",,
Newton,5,4,"1,031",291,"1,360",,
Newton,6,1,704,213,959,,
Newton,6,2,897,220,"1,157",,
Newton,6,3,"1,031",171,"1,233",,
Newton,6,4,"1,021",249,"1,321",,
Newton,7,1,658,303,998,,
Newton,7,2,993,285,"1,324",,
Newton,7,3,279,61,351,,
Newton,7,4,372,163,564,,
Newton,8,1,763,370,"1,195",,
Newton,8,2,690,377,"1,115",,
Newton,8,3,785,351,"1,189",,
Newton,8,4,477,207,713,,
Norfolk,-,1,372,516,923,,
Norfolk,-,2,784,991,"1,847",,
Norfolk,-,3,622,811,"1,490",,
N. Adams,1,1,544,154,726,,
N. Adams,2,2,451,120,601,,
N. Adams,3,3,387,80,489,,
N. Adams,4,4,625,217,884,,
N. Adams,5,5,504,116,660,,
N. Andover,-,1,614,516,"1,183",,
N. Andover,-,2,697,628,"1,381",,
N. Andover,-,3,673,532,"1,244",,
N. Andover,-,4,751,747,"1,553",,
N. Andover,-,5,436,476,941,,
N. Andover,-,6,637,908,"1,591",,
N. Andover,-,7,629,635,"1,299",,
N. Andover,-,8,607,784,"1,436",,
N. Attleborough,-,1,385,327,748,,
N. Attleborough,-,2,474,513,"1,036",,
N. Attleborough,-,3,470,690,"1,205",,
N. Attleborough,-,4,393,326,742,,
N. Attleborough,-,5,446,438,932,,
N. Attleborough,-,6,490,616,"1,143",,
N. Attleborough,-,7,609,660,"1,327",,
N. Attleborough,-,8,485,643,"1,171",,
N. Attleborough,-,9,488,505,"1,030",,
N. Brookfield,-,1,777,916,"1,790",,
N. Reading,-,1,731,846,"1,639",,
N. Reading,-,2,678,663,"1,399",,
N. Reading,-,3,732,785,"1,577",,
N. Reading,-,4,840,754,"1,656",,
Northampton,1,A,512,73,607,,
Northampton,1,B,876,140,"1,072",,
Northampton,2,A,853,64,943,,
Northampton,2,B,426,32,466,,
Northampton,3,A,747,71,847,,
Northampton,3,B,647,70,755,,
Northampton,4,A,494,39,556,,
Northampton,4,B,733,81,834,,
Northampton,5,A,661,102,793,,
Northampton,5,B,747,101,879,,
Northampton,6,A,723,212,995,,
Northampton,6,B,780,211,"1,027",,
Northampton,7,A,822,152,"1,008",,
Northampton,7,B,748,166,966,,
Northborough,-,1,843,688,"1,590",,
Northborough,-,2,769,665,"1,485",,
Northborough,-,3,797,724,"1,593",,
Northborough,-,4,763,820,"1,639",,
Northbridge,-,1,582,735,"1,397",,
Northbridge,-,2,539,720,"1,327",,
Northbridge,-,3,486,646,"1,194",,
Northbridge,-,4,553,946,"1,597",,
Northfield,-,1,752,385,"1,180",,
Norton,-,1,624,623,"1,322",,
Norton,-,2,601,662,"1,309",,
Norton,-,3,684,545,"1,277",,
Norton,-,4,686,637,"1,377",,
Norton,-,5,362,405,802,,
Norwell,-,1,690,747,"1,513",,
Norwell,-,2,669,912,"1,638",,
Norwell,-,3,702,893,"1,669",,
Norwood,-,1,682,517,"1,254",,
Norwood,-,2,650,452,"1,165",,
Norwood,-,3,707,489,"1,252",,
Norwood,-,4,824,650,"1,546",,
Norwood,-,5,495,273,798,,
Norwood,-,6,475,369,880,,
Norwood,-,7,602,441,"1,095",,
Norwood,-,8,792,463,"1,321",,
Norwood,-,9,713,562,"1,341",,
Oak Bluffs,-,1,"1,205",556,"1,819",,
Oakham,-,1,332,474,841,,
Orange,-,1,594,514,"1,155",,
Orange,-,2,648,494,"1,191",,
Orleans,-,1,"1,919","1,488","3,488",,
Otis,-,1,325,242,588,,
Oxford,-,1,559,588,"1,196",,
Oxford,-,2,471,557,"1,070",,
Oxford,-,3,534,569,"1,163",,
Oxford,-,4,490,549,"1,086",,
Palmer,-,1,504,422,997,,
Palmer,-,1A,68,48,124,,
Palmer,-,2,524,552,"1,154",,
Palmer,-,3,489,354,904,,
Palmer,-,4,494,423,998,,
Paxton,-,1,847,979,"1,901",,
Peabody,1,1,663,433,"1,152",,
Peabody,1,2,727,529,"1,332",,
Peabody,1,3,713,440,"1,220",,
Peabody,2,1,453,197,674,,
Peabody,2,2,453,192,667,,
Peabody,2,3,571,357,995,,
Peabody,3,1,419,146,599,,
Peabody,3,2,552,260,857,,
Peabody,3,3,600,358,"1,013",,
Peabody,4,1,633,383,"1,067",,
Peabody,4,2,510,385,930,,
Peabody,4,3,409,226,655,,
Peabody,4,3A,747,399,"1,188",,
Peabody,5,1,690,528,"1,278",,
Peabody,5,2,557,361,972,,
Peabody,5,3,588,418,"1,034",,
Peabody,6,1,645,625,"1,327",,
Peabody,6,2,662,553,"1,266",,
Peabody,6,3,687,554,"1,297",,
Pelham,-,1,576,85,676,,
Pembroke,-,1,762,746,"1,564",,
Pembroke,-,2,648,671,"1,366",,
Pembroke,-,3,686,664,"1,408",,
Pembroke,-,4,729,735,"1,526",,
Pembroke,-,5,658,694,"1,400",,
Pepperell,-,1,649,756,"1,461",,
Pepperell,-,2,751,785,"1,589",,
Pepperell,-,3,692,788,"1,533",,
Peru,-,1,182,95,287,,
Petersham,-,1,337,284,647,,
Phillipston,-,1,325,338,689,,
Pittsfield,1,A,437,140,604,,
Pittsfield,1,B,602,205,844,,
Pittsfield,2,A,261,58,326,,
Pittsfield,2,B,628,176,831,,
Pittsfield,3,A,740,208,987,,
Pittsfield,3,B,791,241,"1,086",,
Pittsfield,4,A,750,262,"1,060",,
Pittsfield,4,B,880,379,"1,316",,
Pittsfield,5,A,620,170,830,,
Pittsfield,5,B,635,185,868,,
Pittsfield,6,A,705,188,936,,
Pittsfield,6,B,411,117,557,,
Pittsfield,7,A,338,106,465,,
Pittsfield,7,B,635,187,859,,
Plainfield,-,1,247,65,324,,
Plainville,-,1,512,552,"1,130",,
Plainville,-,2,500,538,"1,112",,
Plainville,-,3,513,599,"1,162",,
Plymouth,-,1,545,419,998,,
Plymouth,-,2,683,560,"1,288",,
Plymouth,-,3,599,431,"1,089",,
Plymouth,-,4,689,544,"1,274",,
Plymouth,-,5,720,836,"1,618",,
Plymouth,-,6,805,651,"1,513",,
Plymouth,-,7,705,630,"1,390",,
Plymouth,-,8,706,821,"1,595",,
Plymouth,-,9,511,533,"1,083",,
Plymouth,-,10,516,456,"1,008",,
Plymouth,-,11,837,816,"1,734",,
Plymouth,-,12,605,730,"1,389",,
Plymouth,-,13,704,674,"1,434",,
Plymouth,-,14,607,747,"1,412",,
Plymouth,-,15,"1,303","1,381","2,770",,
Plympton,-,1,595,648,"1,291",,
Princeton,-,1,820,889,"1,779",,
Provincetown,-,1,"1,484",140,"1,652",,
Quincy,1,1,533,299,878,,
Quincy,1,2,495,178,717,,
Quincy,1,3,577,310,937,,
Quincy,1,4,734,522,"1,339",,
Quincy,1,5,819,489,"1,393",,
Quincy,2,1,574,291,903,,
Quincy,2,2,601,262,910,,
Quincy,2,3,276,102,398,,
Quincy,2,3A,86,48,148,,
Quincy,2,4,434,213,684,,
Quincy,2,5,614,305,980,,
Quincy,3,1,600,329,988,,
Quincy,3,2,603,314,964,,
Quincy,3,3,389,187,602,,
Quincy,3,4,627,442,"1,133",,
Quincy,3,5,391,160,596,,
Quincy,4,1,510,289,830,,
Quincy,4,2,632,384,"1,063",,
Quincy,4,3,561,433,"1,071",,
Quincy,4,4,386,173,592,,
Quincy,4,5,485,236,759,,
Quincy,5,1,469,210,711,,
Quincy,5,2,577,243,865,,
Quincy,5,3,647,322,"1,031",,
Quincy,5,4,506,329,886,,
Quincy,5,5,634,338,"1,028",,
Quincy,6,1,498,258,794,,
Quincy,6,2,391,183,606,,
Quincy,6,3,645,436,"1,137",,
Quincy,6,4,535,217,798,,
Quincy,6,5,840,608,"1,538",,
Randolph,-,1,598,165,813,,
Randolph,-,2,545,122,700,,
Randolph,-,3,519,161,725,,
Randolph,-,4,611,190,852,,
Randolph,-,5,522,185,745,,
Randolph,-,6,492,168,692,,
Randolph,-,7,571,195,803,,
Randolph,-,8,660,153,850,,
Randolph,-,9,563,138,732,,
Randolph,-,10,578,171,799,,
Randolph,-,11,592,215,853,,
Randolph,-,12,573,239,860,,
Raynham,-,1,517,514,"1,080",,
Raynham,-,1A,91,73,182,,
Raynham,-,2,485,555,"1,102",,
Raynham,-,2A,88,129,223,,
Raynham,-,3,540,566,"1,167",,
Raynham,-,4,559,514,"1,136",,
Reading,-,1,851,709,"1,617",,
Reading,-,2,718,514,"1,279",,
Reading,-,3,723,585,"1,368",,
Reading,-,4,724,536,"1,314",,
Reading,-,5,734,448,"1,234",,
Reading,-,6,610,454,"1,096",,
Reading,-,7,807,597,"1,469",,
Reading,-,8,704,637,"1,414",,
Rehoboth,-,1,493,663,"1,199",,
Rehoboth,-,2,586,730,"1,361",,
Rehoboth,-,3,586,675,"1,300",,
Revere,1,1,519,174,739,,
Revere,1,2,421,163,627,,
Revere,1,3,434,143,622,,
Revere,2,1,302,100,419,,
Revere,2,2,274,87,397,,
Revere,2,3,125,25,168,,
Revere,2,3A,62,18,86,,
Revere,3,1,424,165,626,,
Revere,3,2,384,140,565,,
Revere,3,3,414,147,612,,
Revere,4,1,453,201,691,,
Revere,4,2,416,159,625,,
Revere,4,3,486,223,763,,
Revere,5,1,394,239,684,,
Revere,5,1A,323,116,469,,
Revere,5,2,241,107,374,,
Revere,5,2A,197,52,272,,
Revere,5,3,438,190,674,,
Revere,6,1,539,247,845,,
Revere,6,2,547,267,913,,
Revere,6,3,338,132,496,,
Richmond,-,1,493,149,652,,
Rochester,-,1,"1,002","1,162","2,246",,
Rockland,-,1,590,455,"1,090",,
Rockland,-,2,710,492,"1,246",,
Rockland,-,3,407,318,753,,
Rockland,-,4,470,339,836,,
Rockland,-,5,602,478,"1,116",,
Rockland,-,6,540,507,"1,094",,
Rockport,-,1,625,296,961,,
Rockport,-,2,774,399,"1,229",,
Rockport,-,3,907,546,"1,517",,
Rowe,-,1,79,58,153,,
Rowley,-,1,"1,231","1,389","2,702",,
Royalston,-,1,170,135,322,,
Royalston,-,2,124,85,221,,
Russell,-,1,244,283,564,,
Rutland,-,1,439,582,"1,055",,
Rutland,-,2,444,625,"1,105",,
Rutland,-,3,484,564,"1,100",,
Salem,1,1,843,345,"1,260",,
Salem,1,2,366,43,433,,
Salem,2,1,848,245,"1,131",,
Salem,2,2,915,257,"1,219",,
Salem,3,1,553,193,797,,
Salem,3,2,585,300,917,,
Salem,4,1,606,292,961,,
Salem,4,2,619,380,"1,044",,
Salem,5,1,771,283,"1,103",,
Salem,5,2,526,158,710,,
Salem,6,1,749,300,"1,124",,
Salem,6,2,598,241,880,,
Salem,7,1,529,241,829,,
Salem,7,2,672,309,"1,021",,
Salisbury,-,1,563,403,"1,001",,
Salisbury,-,2,603,446,"1,088",,
Salisbury,-,3,472,442,949,,
Sandisfield,-,1,174,92,269,,
Sandwich,-,1,911,793,"1,753",,
Sandwich,-,2,790,910,"1,750",,
Sandwich,-,3,618,791,"1,454",,
Sandwich,-,4,650,802,"1,494",,
Sandwich,-,5,574,712,"1,330",,
Sandwich,-,6,531,761,"1,333",,
Saugus,-,1,579,353,985,,
Saugus,-,2,521,354,913,,
Saugus,-,3,549,382,993,,
Saugus,-,4,451,386,876,,
Saugus,-,5,587,478,"1,127",,
Saugus,-,6,591,352,988,,
Saugus,-,7,587,488,"1,138",,
Saugus,-,8,582,400,"1,037",,
Saugus,-,9,591,451,"1,099",,
Saugus,-,10,541,339,922,,
Savoy,-,1,137,64,216,,
Scituate,-,1,712,739,"1,512",,
Scituate,-,2,668,725,"1,465",,
Scituate,-,3,724,597,"1,393",,
Scituate,-,4,741,754,"1,568",,
Scituate,-,5,728,643,"1,425",,
Scituate,-,6,758,543,"1,355",,
Seekonk,-,1,494,510,"1,047",,
Seekonk,-,2,623,578,"1,234",,
Seekonk,-,3,531,415,974,,
Seekonk,-,4,495,473,"1,012",,
Sharon,-,1,"1,060",400,"1,516",,
Sharon,-,2,844,412,"1,312",,
Sharon,-,3,"1,012",506,"1,568",,
Sharon,-,4,951,395,"1,408",,
Sharon,-,5,779,477,"1,301",,
Sheffield,-,1,811,310,"1,160",,
Shelburne,-,1,591,174,811,,
Sherborn,-,1,"1,077",894,"2,029",,
Shirley,-,1,"1,115","1,083","2,278",,
Shrewsbury,-,1,810,828,"1,706",,
Shrewsbury,-,2,657,485,"1,210",,
Shrewsbury,-,3,582,406,"1,033",,
Shrewsbury,-,4,658,561,"1,263",,
Shrewsbury,-,5,607,533,"1,206",,
Shrewsbury,-,6,764,619,"1,469",,
Shrewsbury,-,7,721,901,"1,706",,
Shrewsbury,-,8,783,742,"1,621",,
Shrewsbury,-,9,503,415,955,,
Shrewsbury,-,10,681,594,"1,336",,
Shutesbury,-,1,757,121,901,,
Somerset,-,1,766,473,"1,298",,
Somerset,-,2,835,512,"1,415",,
Somerset,-,3,745,497,"1,297",,
Somerset,-,4,683,420,"1,141",,
Somerset,-,5,679,403,"1,134",,
Somerville,1,1,587,101,742,,
Somerville,1,2,668,161,871,,
Somerville,1,3,606,114,763,,
Somerville,2,1,849,90,979,,
Somerville,2,2,"1,024",109,"1,167",,
Somerville,2,3,966,143,"1,132",,
Somerville,3,1,"1,036",91,"1,160",,
Somerville,3,2,"1,034",153,"1,247",,
Somerville,3,3,"1,008",163,"1,201",,
Somerville,4,1,553,147,748,,
Somerville,4,2,671,115,827,,
Somerville,4,3,767,141,950,,
Somerville,5,1,988,157,"1,194",,
Somerville,5,2,"1,088",156,"1,295",,
Somerville,5,3,"1,185",165,"1,399",,
Somerville,6,1,"1,184",176,"1,400",,
Somerville,6,2,"1,197",172,"1,419",,
Somerville,6,3,697,93,836,,
Somerville,7,1,"1,085",172,"1,301",,
Somerville,7,2,904,109,"1,066",,
Somerville,7,3,903,192,"1,147",,
S. Hadley,-,A,741,398,"1,208",,
S. Hadley,-,B,819,506,"1,390",,
S. Hadley,-,C,797,589,"1,453",,
S. Hadley,-,D,589,276,913,,
S. Hadley,-,E,810,574,"1,452",,
Southampton,-,1,"1,381","1,201","2,706",,
Southborough,-,1,742,747,"1,533",,
Southborough,-,2,621,648,"1,297",,
Southborough,-,3,697,679,"1,414",,
Southbridge,-,1,498,255,803,,
Southbridge,-,2,356,226,626,,
Southbridge,-,3,451,300,800,,
Southbridge,-,4,576,483,"1,125",,
Southbridge,-,5,355,126,515,,
Southwick,-,1,510,822,"1,401",,
Southwick,-,2,395,558,"1,003",,
Southwick,-,3,482,645,"1,191",,
Spencer,-,1,468,474,980,,
Spencer,-,2,405,405,860,,
Spencer,-,3,502,562,"1,110",,
Spencer,-,4,474,531,"1,053",,
Springfield,1,A,235,33,359,,
Springfield,1,B,375,45,484,,
Springfield,1,C,227,32,308,,
Springfield,1,D,279,42,387,,
Springfield,1,E,330,45,431,,
Springfield,1,F,267,30,403,,
Springfield,1,G,309,53,401,,
Springfield,1,H,342,38,420,,
Springfield,2,A,262,54,354,,
Springfield,2,B,519,147,718,,
Springfield,2,C,332,74,447,,
Springfield,2,D,411,123,584,,
Springfield,2,E,398,157,603,,
Springfield,2,F,380,119,544,,
Springfield,2,G,496,186,753,,
Springfield,2,H,446,156,641,,
Springfield,3,A,243,50,312,,
Springfield,3,B,214,34,317,,
Springfield,3,C,176,45,256,,
Springfield,3,D,249,28,319,,
Springfield,3,E,208,29,275,,
Springfield,3,F,204,58,301,,
Springfield,3,G,187,34,247,,
Springfield,3,H,248,55,328,,
Springfield,4,A,388,58,486,,
Springfield,4,B,405,38,510,,
Springfield,4,C,272,17,325,,
Springfield,4,D,300,23,361,,
Springfield,4,E,299,26,350,,
Springfield,4,F,116,12,142,,
Springfield,4,G,413,37,501,,
Springfield,4,H,330,19,387,,
Springfield,5,A,412,49,505,,
Springfield,5,B,457,116,620,,
Springfield,5,C,367,127,534,,
Springfield,5,D,501,242,805,,
Springfield,5,E,523,105,695,,
Springfield,5,F,516,149,758,,
Springfield,5,G,526,316,894,,
Springfield,5,H,443,214,714,,
Springfield,6,A,314,112,451,,
Springfield,6,B,445,155,663,,
Springfield,6,C,405,162,608,,
Springfield,6,D,553,275,895,,
Springfield,6,E,306,79,410,,
Springfield,6,F,310,80,405,,
Springfield,6,G,357,128,518,,
Springfield,6,H,468,207,743,,
Springfield,7,A,502,236,790,,
Springfield,7,B,665,329,"1,088",,
Springfield,7,C,591,311,"1,002",,
Springfield,7,D,511,262,858,,
Springfield,7,E,319,127,480,,
Springfield,7,F,560,337,981,,
Springfield,7,G,614,378,"1,074",,
Springfield,7,H,292,122,457,,
Springfield,8,A,447,165,651,,
Springfield,8,B,398,118,561,,
Springfield,8,C,436,96,585,,
Springfield,8,D,230,61,312,,
Springfield,8,E,250,76,361,,
Springfield,8,F,360,145,553,,
Springfield,8,G,413,158,614,,
Springfield,8,H,383,110,536,,
Sterling,-,1,762,"1,010","1,850",,
Sterling,-,2,722,"1,029","1,820",,
Stockbridge,-,1,675,197,924,,
Stoneham,-,1,752,376,"1,175",,
Stoneham,-,2,837,444,"1,332",,
Stoneham,-,3,868,578,"1,521",,
Stoneham,-,4,703,489,"1,241",,
Stoneham,-,5,746,581,"1,386",,
Stoneham,-,6,748,535,"1,355",,
Stoneham,-,7,733,443,"1,227",,
Stoughton,-,1,727,459,"1,243",,
Stoughton,-,2,663,439,"1,153",,
Stoughton,-,3,716,432,"1,206",,
Stoughton,-,4,775,674,"1,523",,
Stoughton,-,5,556,356,966,,
Stoughton,-,6,945,510,"1,516",,
Stoughton,-,7,637,378,"1,049",,
Stoughton,-,8,478,252,781,,
Stow,-,1,924,713,"1,696",,
Stow,-,2,897,576,"1,523",,
Sturbridge,-,1,551,590,"1,188",,
Sturbridge,-,2,571,661,"1,279",,
Sturbridge,-,3,534,598,"1,179",,
Sudbury,-,1,636,453,"1,116",,
Sudbury,-,1A,203,196,411,,
Sudbury,-,2,897,517,"1,456",,
Sudbury,-,3,882,607,"1,556",,
Sudbury,-,4,972,550,"1,570",,
Sudbury,-,5,826,585,"1,462",,
Sunderland,-,1,880,290,"1,232",,
Sutton,-,1,551,828,"1,436",,
Sutton,-,2,480,720,"1,246",,
Sutton,-,3,489,703,"1,263",,
Swampscott,-,1,581,337,966,,
Swampscott,-,2,711,359,"1,126",,
Swampscott,-,3,610,275,928,,
Swampscott,-,4,779,411,"1,246",,
Swampscott,-,5,630,421,"1,121",,
Swampscott,-,6,728,474,"1,279",,
Swansea,-,1,497,433,961,,
Swansea,-,2,506,342,877,,
Swansea,-,3,505,344,874,,
Swansea,-,4,456,429,914,,
Swansea,-,5,471,429,922,,
Taunton,1,A,487,227,775,,
Taunton,1,B,581,481,"1,155",,
Taunton,2,A,274,102,404,,
Taunton,2,B,425,204,687,,
Taunton,3,A,525,255,872,,
Taunton,3,B,618,411,"1,094",,
Taunton,4,A,527,484,"1,088",,
Taunton,4,B,575,382,"1,021",,
Taunton,5,A,454,222,726,,
Taunton,5,B,475,187,724,,
Taunton,6,A,336,190,581,,
Taunton,6,B,575,263,897,,
Taunton,7,A,670,421,"1,182",,
Taunton,7,B,635,564,"1,287",,
Taunton,8,A,589,459,"1,137",,
Taunton,8,B,677,511,"1,278",,
Templeton,-,A,456,523,"1,023",,
Templeton,-,B,429,442,906,,
Templeton,-,C,403,375,805,,
Tewksbury,-,1,668,633,"1,341",,
Tewksbury,-,1A,721,679,"1,463",,
Tewksbury,-,2,763,584,"1,403",,
Tewksbury,-,2A,607,577,"1,231",,
Tewksbury,-,3,713,802,"1,556",,
Tewksbury,-,3A,737,731,"1,518",,
Tewksbury,-,4,786,606,"1,448",,
Tewksbury,-,4A,785,608,"1,452",,
Tisbury,-,1,"1,180",422,"1,657",,
Tolland,-,1,68,126,199,,
Topsfield,-,1,"1,481","1,574","3,183",,
Townsend,-,1,466,623,"1,123",,
Townsend,-,2,467,548,"1,053",,
Townsend,-,3,477,606,"1,129",,
Truro,-,1,808,287,"1,120",,
Tyngsborough,-,1,559,533,"1,128",,
Tyngsborough,-,2,499,564,"1,096",,
Tyngsborough,-,3,537,510,"1,080",,
Tyngsborough,-,4,554,619,"1,217",,
Tyringham,-,1,132,44,189,,
Upton,-,1,668,801,"1,532",,
Upton,-,2,584,796,"1,455",,
Uxbridge,-,1,561,712,"1,342",,
Uxbridge,-,2,566,561,"1,196",,
Uxbridge,-,3,479,648,"1,179",,
Uxbridge,-,4,550,703,"1,330",,
Wakefield,-,1,847,737,"1,671",,
Wakefield,-,2,696,493,"1,249",,
Wakefield,-,3,831,614,"1,511",,
Wakefield,-,4,847,611,"1,526",,
Wakefield,-,5,929,628,"1,618",,
Wakefield,-,6,921,635,"1,632",,
Wakefield,-,7,860,664,"1,588",,
Wales,-,1,295,343,678,,
Walpole,-,1,623,540,"1,213",,
Walpole,-,2,672,712,"1,462",,
Walpole,-,3,703,607,"1,379",,
Walpole,-,4,640,577,"1,279",,
Walpole,-,5,539,558,"1,168",,
Walpole,-,6,679,720,"1,476",,
Walpole,-,7,600,691,"1,370",,
Walpole,-,8,592,767,"1,425",,
Waltham,1,1,781,466,"1,300",,
Waltham,1,2,804,471,"1,327",,
Waltham,2,1,813,394,"1,266",,
Waltham,2,2,505,199,726,,
Waltham,3,1,803,564,"1,430",,
Waltham,3,2,802,439,"1,301",,
Waltham,4,1,787,489,"1,343",,
Waltham,4,2,196,87,294,,
Waltham,5,1,697,327,"1,083",,
Waltham,5,2,525,182,734,,
Waltham,6,1,671,243,967,,
Waltham,6,2,437,161,621,,
Waltham,7,1,714,391,"1,169",,
Waltham,7,2,284,76,375,,
Waltham,8,1,551,162,749,,
Waltham,8,2,615,250,898,,
Waltham,9,1,428,123,581,,
Waltham,9,2,447,130,607,,
Ware,-,A,508,309,868,,
Ware,-,B,483,406,937,,
Ware,-,C,592,588,"1,240",,
Wareham,-,1,632,496,"1,173",,
Wareham,-,2,711,533,"1,278",,
Wareham,-,3,667,616,"1,338",,
Wareham,-,4,616,494,"1,148",,
Wareham,-,5,653,621,"1,311",,
Wareham,-,6,461,464,942,,
Warren,-,A,544,586,"1,188",,
Warren,-,B,221,174,417,,
Warwick,-,1,249,96,359,,
Washington,-,1,173,65,245,,
Watertown,-,1,552,205,787,,
Watertown,-,2,650,184,857,,
Watertown,-,3,852,204,"1,089",,
Watertown,-,4,906,221,"1,161",,
Watertown,-,5,669,176,882,,
Watertown,-,6,621,209,855,,
Watertown,-,7,806,305,"1,163",,
Watertown,-,8,795,276,"1,120",,
Watertown,-,9,563,195,775,,
Watertown,-,10,785,369,"1,198",,
Watertown,-,11,674,252,959,,
Watertown,-,12,630,214,872,,
Wayland,-,1,954,504,"1,508",,
Wayland,-,2,910,445,"1,410",,
Wayland,-,3,877,432,"1,349",,
Wayland,-,4,916,662,"1,634",,
Webster,-,1,413,298,756,,
Webster,-,2,276,193,496,,
Webster,-,3,435,372,840,,
Webster,-,4,552,747,"1,375",,
Webster,-,5,523,437,998,,
Wellesley,-,A,870,607,"1,533",,
Wellesley,-,B,"1,000",583,"1,648",,
Wellesley,-,C,686,880,"1,647",,
Wellesley,-,D,"1,051",593,"1,723",,
Wellesley,-,E,767,552,"1,388",,
Wellesley,-,F,539,443,"1,026",,
Wellesley,-,G,508,201,744,,
Wellesley,-,H,819,637,"1,522",,
Wellfleet,-,1,"1,173",468,"1,686",,
Wendell,-,1,339,59,419,,
Wenham,-,1,793,858,"1,712",,
W. Boylston,-,1,658,678,"1,398",,
W. Boylston,-,2,808,888,"1,767",,
W. Bridgewater,-,1,623,757,"1,444",,
W. Bridgewater,-,2,615,735,"1,421",,
W. Brookfield,-,1,700,674,"1,432",,
W. Newbury,-,1,"1,051","1,037","2,161",,
W. Springfield,-,1,218,118,356,,
W. Springfield,-,2,313,220,557,,
W. Springfield,-,3,487,398,924,,
W. Springfield,-,4,590,434,"1,119",,
W. Springfield,-,5,796,760,"1,675",,
W. Springfield,-,6,669,659,"1,457",,
W. Springfield,-,7,690,783,"1,601",,
W. Springfield,-,8,410,326,783,,
W. Stockbridge,-,1,513,123,677,,
W. Tisbury,-,1,"1,112",286,"1,437",,
Westborough,-,1,515,369,922,,
Westborough,-,2,518,423,978,,
Westborough,-,3,709,513,"1,272",,
Westborough,-,4,797,754,"1,598",,
Westborough,-,5,799,847,"1,693",,
Westfield,1,A,610,597,"1,292",,
Westfield,1,B,563,490,"1,129",,
Westfield,2,A,366,177,568,,
Westfield,2,B,454,371,884,,
Westfield,3,A,300,177,522,,
Westfield,3,B,556,487,"1,112",,
Westfield,4,A,268,222,528,,
Westfield,4,B,762,722,"1,588",,
Westfield,5,A,703,728,"1,516",,
Westfield,5,B,592,771,"1,439",,
Westfield,6,A,582,603,"1,265",,
Westfield,6,B,438,480,971,,
Westford,-,1,824,801,"1,685",,
Westford,-,2,795,709,"1,555",,
Westford,-,3,804,756,"1,614",,
Westford,-,4,814,658,"1,530",,
Westford,-,5,796,706,"1,558",,
Westford,-,6,703,612,"1,361",,
Westhampton,-,1,496,294,828,,
Westminster,-,1,657,750,"1,457",,
Westminster,-,2,709,850,"1,628",,
Weston,-,1,746,512,"1,291",,
Weston,-,2,608,491,"1,137",,
Weston,-,3,549,499,"1,082",,
Weston,-,4,623,563,"1,221",,
Westport,-,A,563,377,985,,
Westport,-,B,722,563,"1,331",,
Westport,-,C,543,343,927,,
Westport,-,D,555,377,978,,
Westport,-,E,713,529,"1,283",,
Westwood,-,1,881,833,"1,789",,
Westwood,-,2,869,810,"1,780",,
Westwood,-,3,883,817,"1,790",,
Westwood,-,4,686,772,"1,533",,
Weymouth,-,1,626,446,"1,110",,
Weymouth,-,2,711,539,"1,319",,
Weymouth,-,3,735,538,"1,340",,
Weymouth,-,4,600,512,"1,156",,
Weymouth,-,5,579,306,922,,
Weymouth,-,6,750,487,"1,296",,
Weymouth,-,7,557,425,"1,021",,
Weymouth,-,8,620,394,"1,069",,
Weymouth,-,9,700,562,"1,317",,
Weymouth,-,10,511,316,864,,
Weymouth,-,11,592,448,"1,104",,
Weymouth,-,12,688,507,"1,258",,
Weymouth,-,13,456,277,772,,
Weymouth,-,14,484,356,875,,
Weymouth,-,15,683,503,"1,250",,
Weymouth,-,16,699,607,"1,373",,
Weymouth,-,17,472,351,850,,
Weymouth,-,18,713,631,"1,420",,
Whately,-,1,487,230,748,,
Whitman,-,1,775,621,"1,459",,
Whitman,-,2,588,567,"1,198",,
Whitman,-,3,625,604,"1,271",,
Whitman,-,4,644,591,"1,277",,
Wilbraham,-,A,725,694,"1,497",,
Wilbraham,-,B,720,690,"1,513",,
Wilbraham,-,C,631,767,"1,494",,
Wilbraham,-,D,745,805,"1,660",,
Williamsburg,-,1,943,273,"1,257",,
Williamstown,-,1,804,223,"1,068",,
Williamstown,-,2,374,47,431,,
Williamstown,-,3,811,185,"1,025",,
Wilmington,-,1,808,663,"1,529",,
Wilmington,-,2,765,667,"1,500",,
Wilmington,-,3,664,678,"1,397",,
Wilmington,-,4,779,734,"1,595",,
Wilmington,-,5,808,627,"1,500",,
Wilmington,-,6,815,670,"1,541",,
Winchendon,-,1,317,325,669,,
Winchendon,-,1A,115,88,213,,
Winchendon,-,2,416,492,946,,
Winchendon,-,3,447,475,953,,
Winchester,-,1,767,422,"1,226",,
Winchester,-,2,634,345,"1,010",,
Winchester,-,3,901,428,"1,367",,
Winchester,-,4,799,529,"1,377",,
Winchester,-,5,635,563,"1,240",,
Winchester,-,6,663,582,"1,290",,
Winchester,-,7,736,570,"1,349",,
Winchester,-,8,566,323,925,,
Windsor,-,1,215,105,329,,
Winthrop,-,1,767,392,"1,219",,
Winthrop,-,2,674,360,"1,077",,
Winthrop,-,3,688,306,"1,036",,
Winthrop,-,4,647,315,"1,012",,
Winthrop,-,5,755,369,"1,199",,
Winthrop,-,6,629,325,993,,
Woburn,1,1,515,302,832,,
Woburn,1,2,644,376,"1,061",,
Woburn,2,1,636,355,"1,028",,
Woburn,2,2,447,191,667,,
Woburn,3,1,529,378,958,,
Woburn,3,2,674,520,"1,264",,
Woburn,4,1,633,438,"1,124",,
Woburn,4,2,554,325,925,,
Woburn,5,1,533,324,889,,
Woburn,5,2,661,464,"1,165",,
Woburn,6,1,343,182,541,,
Woburn,6,2,530,421,995,,
Woburn,7,1,676,568,"1,296",,
Woburn,7,2,628,470,"1,153",,
Worcester,1,1,870,528,"1,467",,
Worcester,1,2,852,594,"1,519",,
Worcester,1,3,459,387,889,,
Worcester,1,4,901,446,"1,424",,
Worcester,1,5,656,426,"1,142",,
Worcester,2,1,734,445,"1,256",,
Worcester,2,2,778,452,"1,295",,
Worcester,2,3,666,430,"1,160",,
Worcester,2,4,625,184,839,,
Worcester,2,5,350,75,465,,
Worcester,3,1,516,249,812,,
Worcester,3,2,173,56,238,,
Worcester,3,3,417,205,643,,
Worcester,3,4,314,83,417,,
Worcester,3,5,504,233,770,,
Worcester,4,1,352,89,475,,
Worcester,4,2,404,187,627,,
Worcester,4,3,313,64,404,,
Worcester,4,4,406,233,682,,
Worcester,4,5,573,272,908,,
Worcester,5,1,410,138,570,,
Worcester,5,2,590,282,913,,
Worcester,5,3,656,452,"1,189",,
Worcester,5,4,613,380,"1,047",,
Worcester,5,5,643,342,"1,067",,
Worcester,6,1,248,66,332,,
Worcester,6,2,368,130,523,,
Worcester,6,3,383,157,579,,
Worcester,6,4,227,119,358,,
Worcester,6,5,503,254,815,,
Worcester,7,1,692,278,"1,029",,
Worcester,7,2,399,177,610,,
Worcester,7,3,604,263,920,,
Worcester,7,4,586,290,914,,
Worcester,7,5,592,345,996,,
Worcester,8,1,244,87,352,,
Worcester,8,2,225,67,304,,
Worcester,8,3,258,33,305,,
Worcester,8,4,406,101,550,,
Worcester,8,5,287,126,429,,
Worcester,9,1,658,270,992,,
Worcester,9,2,851,351,"1,284",,
Worcester,9,3,529,288,861,,
Worcester,9,4,763,460,"1,299",,
Worcester,9,5,754,473,"1,289",,
Worcester,10,1,309,127,460,,
Worcester,10,2,328,92,436,,
Worcester,10,3,377,54,474,,
Worcester,10,4,236,51,300,,
Worcester,10,5,295,32,350,,
Worthington,-,1,379,183,595,,
Wrentham,-,1,635,831,"1,547",,
Wrentham,-,2,588,905,"1,557",,
Wrentham,-,3,706,754,"1,514",,
Yarmouth,-,1,857,751,"1,654",,
Yarmouth,-,2,812,782,"1,650",,
Yarmouth,-,3,593,475,"1,096",,
Yarmouth,-,4,744,655,"1,436",,
Yarmouth,-,5,603,560,"1,198",,
Yarmouth,-,6,661,528,"1,229",,
Yarmouth,-,7,955,924,"1,933",,
TOTALS,,,"1,289,944","791,950","2,186,789",,