City/Town,Ward,Pct,Edward J. Markey,Gabriel E. Gomez,Total Votes Cast,,
Abington,-,1,202,323,529,,
Abington,-,2,209,312,526,,
Abington,-,3,219,321,547,,
Abington,-,4,248,360,613,,
Abington,-,5,265,365,631,,
Acton,-,1,485,216,701,,
Acton,-,2,472,317,792,,
Acton,-,3,677,319,"1,001",,
Acton,-,4,671,295,974,,
Acton,-,5,654,222,881,,
Acton,-,6,461,323,788,,
Acushnet,-,1,447,370,845,,
Acushnet,-,2,385,419,826,,
Acushnet,-,3,418,457,895,,
Adams,-,1,138,65,203,,
Adams,-,2,145,76,222,,
Adams,-,3,156,64,221,,
Adams,-,4,154,51,207,,
Adams,-,5,187,79,267,,
Agawam,-,1,166,279,446,,
Agawam,-,2,253,493,752,,
Agawam,-,3,214,286,502,,
Agawam,-,4,196,325,522,,
Agawam,-,5,252,425,680,,
Agawam,-,6,193,395,588,,
Agawam,-,7,199,389,593,,
Agawam,-,8,270,417,691,,
Alford,-,1,106,37,146,,
Amesbury,-,1,279,317,599,,
Amesbury,-,2,227,184,412,,
Amesbury,-,3,260,235,499,,
Amesbury,-,4,180,189,375,,
Amesbury,-,5,190,278,471,,
Amesbury,-,6,251,184,437,,
Amherst,-,1,309,30,343,,
Amherst,-,2,576,91,671,,
Amherst,-,3,209,30,240,,
Amherst,-,4,176,12,189,,
Amherst,-,5,457,51,510,,
Amherst,-,6,698,98,798,,
Amherst,-,7,570,83,659,,
Amherst,-,8,885,121,"1,007",,
Amherst,-,9,478,37,517,,
Amherst,-,10,203,14,218,,
Andover,-,1,373,320,695,,
Andover,-,2,378,413,795,,
Andover,-,3,403,393,800,,
Andover,-,4,312,423,736,,
Andover,-,5,304,390,701,,
Andover,-,6,293,429,725,,
Andover,-,7,283,347,634,,
Andover,-,7A,81,98,179,,
Andover,-,8,374,477,854,,
Andover,-,9,327,427,759,,
Andover,-,9A,2,4,6,,
Aquinnah,-,1,105,21,126,,
Arlington,-,1,300,69,377,,
Arlington,-,2,457,164,625,,
Arlington,-,3,504,105,612,,
Arlington,-,4,462,111,576,,
Arlington,-,5,341,114,457,,
Arlington,-,6,442,119,565,,
Arlington,-,7,391,120,514,,
Arlington,-,8,634,132,771,,
Arlington,-,9,453,164,622,,
Arlington,-,10,597,133,736,,
Arlington,-,11,515,184,703,,
Arlington,-,12,639,215,858,,
Arlington,-,13,347,288,636,,
Arlington,-,14,467,134,604,,
Arlington,-,15,443,191,640,,
Arlington,-,16,512,190,708,,
Arlington,-,17,307,103,412,,
Arlington,-,18,404,270,679,,
Arlington,-,19,514,187,705,,
Arlington,-,20,489,134,624,,
Arlington,-,21,437,127,570,,
Ashburnham,-,1,530,752,"1,304",,
Ashby,-,1,343,534,890,,
Ashfield,-,1,423,121,547,,
Ashland,-,1,308,229,540,,
Ashland,-,2,313,322,636,,
Ashland,-,3,338,295,638,,
Ashland,-,4,406,258,668,,
Ashland,-,5,351,295,650,,
Athol,-,1,220,378,603,,
Athol,-,2,177,263,445,,
Athol,-,3,206,276,484,,
Attleboro,1,A,198,200,402,,
Attleboro,1,B,183,221,406,,
Attleboro,2,A,260,311,572,,
Attleboro,2,B,210,241,453,,
Attleboro,3,A,252,274,528,,
Attleboro,3,B,275,301,576,,
Attleboro,4,A,161,172,337,,
Attleboro,4,B,250,373,623,,
Attleboro,5,A,127,102,233,,
Attleboro,5,B,183,243,429,,
Attleboro,6,A,173,180,355,,
Attleboro,6,B,189,255,447,,
Auburn,-,1,288,416,709,,
Auburn,-,2,285,427,714,,
Auburn,-,3,290,439,730,,
Auburn,-,4,253,347,605,,
Auburn,-,5,219,372,594,,
Avon,-,1,389,475,868,,
Ayer,-,1,308,345,658,,
Ayer,-,2,261,339,606,,
Barnstable,-,1,568,701,"1,272",,
Barnstable,-,2,349,568,921,,
Barnstable,-,3,274,339,616,,
Barnstable,-,4,394,557,954,,
Barnstable,-,5,429,782,"1,215",,
Barnstable,-,6,389,535,928,,
Barnstable,-,7,507,700,"1,213",,
Barnstable,-,8,227,277,506,,
Barnstable,-,9,172,127,302,,
Barnstable,-,10,276,437,717,,
Barnstable,-,11,448,657,"1,111",,
Barnstable,-,12,322,545,870,,
Barnstable,-,13,357,355,716,,
Barre,-,1,213,359,572,,
Barre,-,2,156,275,440,,
Becket,-,1,266,109,375,,
Bedford,-,1,514,366,891,,
Bedford,-,2,353,325,681,,
Bedford,-,3,571,344,920,,
Bedford,-,4,405,348,756,,
Belchertown,-,A,356,287,648,,
Belchertown,-,B,262,288,554,,
Belchertown,-,C,286,346,634,,
Belchertown,-,D,446,223,670,,
Bellingham,-,1,184,305,491,,
Bellingham,-,2,257,303,561,,
Bellingham,-,3,213,275,491,,
Bellingham,-,4,127,244,371,,
Bellingham,-,4A,13,26,39,,
Bellingham,-,5,144,227,373,,
Belmont,-,1,698,275,980,,
Belmont,-,2,535,334,871,,
Belmont,-,3,548,249,797,,
Belmont,-,4,457,192,654,,
Belmont,-,5,507,273,781,,
Belmont,-,6,682,240,926,,
Belmont,-,7,584,239,831,,
Belmont,-,8,565,389,960,,
Berkley,-,1,149,285,437,,
Berkley,-,2,140,238,382,,
Berlin,-,1,343,419,768,,
Bernardston,-,1,224,190,419,,
Beverly,1,1,251,291,547,,
Beverly,1,2,292,308,602,,
Beverly,2,1,283,164,451,,
Beverly,2,2,412,239,654,,
Beverly,3,1,224,152,376,,
Beverly,3,2,259,214,476,,
Beverly,4,1,234,226,463,,
Beverly,4,2,502,306,809,,
Beverly,5,1,332,274,611,,
Beverly,5,2,305,316,625,,
Beverly,6,1,390,389,782,,
Beverly,6,2,303,442,747,,
Billerica,-,1,283,305,592,,
Billerica,-,2,323,388,717,,
Billerica,-,3,259,340,603,,
Billerica,-,4,224,318,545,,
Billerica,-,5,321,463,789,,
Billerica,-,6,196,337,533,,
Billerica,-,7,256,352,609,,
Billerica,-,8,235,439,678,,
Billerica,-,9,202,373,579,,
Billerica,-,10,248,425,679,,
Billerica,-,11,206,358,571,,
Blackstone,-,1,149,217,370,,
Blackstone,-,2,174,256,433,,
Blackstone,-,3,140,258,399,,
Blandford,-,1,98,191,292,,
Bolton,-,1,583,703,"1,294",,
Boston,1,1,241,84,328,,
Boston,1,2,149,46,197,,
Boston,1,3,395,93,490,,
Boston,1,4,94,46,140,,
Boston,1,5,146,63,210,,
Boston,1,6,140,48,189,,
Boston,1,7,161,53,219,,
Boston,1,8,241,76,324,,
Boston,1,9,122,31,156,,
Boston,1,10,76,24,101,,
Boston,1,11,220,143,369,,
Boston,1,12,193,159,353,,
Boston,1,13,285,144,432,,
Boston,1,14,109,83,192,,
Boston,1,15,0,0,0,,
Boston,2,1,321,203,528,,
Boston,2,2,335,192,530,,
Boston,2,3,286,161,453,,
Boston,2,4,171,117,292,,
Boston,2,5,237,164,405,,
Boston,2,6,339,198,545,,
Boston,2,7,224,157,383,,
Boston,3,1,530,402,939,,
Boston,3,2,226,155,385,,
Boston,3,3,168,106,275,,
Boston,3,4,221,150,371,,
Boston,3,5,525,238,765,,
Boston,3,6,496,267,770,,
Boston,3,7,836,167,"1,009",,
Boston,3,8,629,165,799,,
Boston,4,1,521,138,661,,
Boston,4,2,523,197,720,,
Boston,4,3,312,41,354,,
Boston,4,4,435,91,527,,
Boston,4,5,326,69,397,,
Boston,4,6,243,80,325,,
Boston,4,7,211,36,247,,
Boston,4,8,196,52,249,,
Boston,4,9,100,5,105,,
Boston,4,10,43,14,57,,
Boston,5,1,875,198,"1,075",,
Boston,5,2,183,33,218,,
Boston,5,2A,122,35,158,,
Boston,5,3,346,182,529,,
Boston,5,4,355,135,492,,
Boston,5,5,151,80,232,,
Boston,5,6,289,196,486,,
Boston,5,7,349,199,550,,
Boston,5,8,326,159,486,,
Boston,5,9,402,202,609,,
Boston,5,10,240,83,323,,
Boston,5,11,268,122,392,,
Boston,6,1,467,199,671,,
Boston,6,2,157,87,247,,
Boston,6,3,187,133,325,,
Boston,6,4,168,169,343,,
Boston,6,5,165,171,343,,
Boston,6,6,196,231,437,,
Boston,6,7,179,203,389,,
Boston,6,8,169,207,382,,
Boston,6,9,153,242,403,,
Boston,7,1,165,201,374,,
Boston,7,2,151,240,399,,
Boston,7,3,251,293,559,,
Boston,7,4,176,188,373,,
Boston,7,5,161,121,290,,
Boston,7,6,164,70,236,,
Boston,7,7,176,44,222,,
Boston,7,8,156,94,255,,
Boston,7,9,165,74,240,,
Boston,7,10,189,24,214,,
Boston,8,1,183,26,212,,
Boston,8,2,410,63,476,,
Boston,8,3,214,5,219,,
Boston,8,4,104,3,107,,
Boston,8,5,238,16,254,,
Boston,8,6,64,14,78,,
Boston,8,7,158,10,169,,
Boston,9,1,332,52,386,,
Boston,9,2,434,75,509,,
Boston,9,3,573,37,612,,
Boston,9,4,301,14,318,,
Boston,9,5,469,23,493,,
Boston,10,1,209,31,240,,
Boston,10,2,186,28,215,,
Boston,10,3,145,24,170,,
Boston,10,4,340,40,381,,
Boston,10,5,221,39,261,,
Boston,10,6,190,21,211,,
Boston,10,7,257,19,278,,
Boston,10,8,383,52,443,,
Boston,10,9,498,50,551,,
Boston,11,1,204,11,217,,
Boston,11,2,335,9,347,,
Boston,11,3,230,5,235,,
Boston,11,4,413,27,444,,
Boston,11,5,362,19,382,,
Boston,11,6,352,29,386,,
Boston,11,7,456,37,495,,
Boston,11,8,408,42,452,,
Boston,11,9,328,34,363,,
Boston,11,10,399,24,428,,
Boston,12,1,365,8,375,,
Boston,12,2,424,13,438,,
Boston,12,3,236,11,248,,
Boston,12,4,213,6,220,,
Boston,12,5,233,4,239,,
Boston,12,6,194,6,202,,
Boston,12,7,475,20,496,,
Boston,12,8,146,1,147,,
Boston,12,9,221,14,236,,
Boston,13,1,303,18,321,,
Boston,13,2,81,3,85,,
Boston,13,3,164,30,196,,
Boston,13,4,179,9,189,,
Boston,13,5,156,32,191,,
Boston,13,6,249,50,304,,
Boston,13,7,204,92,297,,
Boston,13,8,171,62,235,,
Boston,13,9,240,60,304,,
Boston,13,10,402,191,602,,
Boston,14,1,367,18,387,,
Boston,14,2,461,16,478,,
Boston,14,3,198,3,203,,
Boston,14,4,219,5,224,,
Boston,14,5,206,3,209,,
Boston,14,6,216,9,225,,
Boston,14,7,186,7,194,,
Boston,14,8,276,10,287,,
Boston,14,9,197,10,209,,
Boston,14,10,231,12,244,,
Boston,14,11,174,1,177,,
Boston,14,12,155,3,159,,
Boston,14,13,226,5,231,,
Boston,14,14,296,4,300,,
Boston,15,1,241,16,257,,
Boston,15,2,159,6,166,,
Boston,15,3,125,3,129,,
Boston,15,4,320,37,359,,
Boston,15,5,210,8,220,,
Boston,15,6,124,60,187,,
Boston,15,7,187,12,202,,
Boston,15,8,138,29,167,,
Boston,15,9,189,49,243,,
Boston,16,1,172,50,222,,
Boston,16,2,117,75,194,,
Boston,16,3,217,53,277,,
Boston,16,4,208,60,273,,
Boston,16,5,236,106,343,,
Boston,16,6,285,67,355,,
Boston,16,7,205,180,394,,
Boston,16,8,286,172,467,,
Boston,16,9,216,244,466,,
Boston,16,10,186,168,358,,
Boston,16,11,302,178,483,,
Boston,16,12,255,275,535,,
Boston,17,1,229,14,243,,
Boston,17,2,138,18,157,,
Boston,17,3,360,33,394,,
Boston,17,4,448,55,505,,
Boston,17,5,150,3,155,,
Boston,17,6,271,24,296,,
Boston,17,7,148,3,151,,
Boston,17,8,229,9,239,,
Boston,17,9,291,26,320,,
Boston,17,10,332,9,343,,
Boston,17,11,114,13,127,,
Boston,17,12,247,25,272,,
Boston,17,13,425,102,530,,
Boston,17,14,280,38,320,,
Boston,18,1,466,19,486,,
Boston,18,2,386,5,392,,
Boston,18,3,422,10,433,,
Boston,18,4,361,14,376,,
Boston,18,5,484,17,503,,
Boston,18,6,489,38,528,,
Boston,18,7,311,53,364,,
Boston,18,8,557,75,634,,
Boston,18,9,344,107,456,,
Boston,18,10,508,109,619,,
Boston,18,11,289,51,342,,
Boston,18,12,314,136,452,,
Boston,18,13,178,31,212,,
Boston,18,14,176,28,205,,
Boston,18,15,366,27,393,,
Boston,18,16,356,237,600,,
Boston,18,17,323,116,445,,
Boston,18,18,422,112,536,,
Boston,18,19,448,128,584,,
Boston,18,20,374,252,628,,
Boston,18,21,473,19,493,,
Boston,18,22,343,165,510,,
Boston,18,23,295,16,314,,
Boston,19,1,446,25,472,,
Boston,19,2,514,206,721,,
Boston,19,3,393,60,455,,
Boston,19,4,577,36,614,,
Boston,19,5,472,63,536,,
Boston,19,6,648,44,693,,
Boston,19,7,511,55,571,,
Boston,19,8,345,32,377,,
Boston,19,9,293,29,324,,
Boston,19,10,439,80,520,,
Boston,19,11,235,27,263,,
Boston,19,12,343,61,406,,
Boston,19,13,230,58,290,,
Boston,20,1,437,158,603,,
Boston,20,2,404,121,530,,
Boston,20,3,293,196,494,,
Boston,20,4,416,88,507,,
Boston,20,5,347,277,631,,
Boston,20,6,435,277,715,,
Boston,20,7,245,153,408,,
Boston,20,8,276,123,401,,
Boston,20,9,293,128,422,,
Boston,20,10,355,305,663,,
Boston,20,11,195,109,305,,
Boston,20,12,230,189,421,,
Boston,20,13,208,165,373,,
Boston,20,14,216,211,431,,
Boston,20,15,339,268,610,,
Boston,20,16,339,345,690,,
Boston,20,17,413,310,730,,
Boston,20,18,230,144,379,,
Boston,20,19,229,172,402,,
Boston,20,20,356,195,560,,
Boston,21,1,197,42,241,,
Boston,21,2,44,5,49,,
Boston,21,3,109,15,126,,
Boston,21,4,108,23,132,,
Boston,21,5,160,28,188,,
Boston,21,6,221,58,279,,
Boston,21,7,175,41,219,,
Boston,21,8,195,38,236,,
Boston,21,9,205,33,238,,
Boston,21,10,183,56,241,,
Boston,21,11,205,71,279,,
Boston,21,12,300,72,373,,
Boston,21,13,455,127,584,,
Boston,21,14,131,27,159,,
Boston,21,15,166,31,197,,
Boston,21,16,271,101,374,,
Boston,22,1,264,85,351,,
Boston,22,2,266,80,348,,
Boston,22,3,244,104,349,,
Boston,22,4,236,90,328,,
Boston,22,5,120,41,163,,
Boston,22,6,126,51,179,,
Boston,22,7,253,97,354,,
Boston,22,8,192,120,313,,
Boston,22,9,195,65,264,,
Boston,22,10,280,120,403,,
Boston,22,11,161,89,253,,
Boston,22,12,190,85,278,,
Boston,22,13,157,79,237,,
Bourne,-,1,176,299,480,,
Bourne,-,2,253,490,747,,
Bourne,-,3,127,217,345,,
Bourne,-,4,272,459,733,,
Bourne,-,5,333,422,760,,
Bourne,-,6,263,353,620,,
Bourne,-,7,213,378,596,,
Boxborough,-,1,736,591,"1,334",,
Boxford,-,1,202,449,655,,
Boxford,-,2,264,491,763,,
Boxford,-,3,249,456,708,,
Boylston,-,1,419,660,"1,086",,
Braintree,-,1A,252,405,662,,
Braintree,-,1B,218,306,529,,
Braintree,-,2A,301,456,762,,
Braintree,-,2B,283,409,701,,
Braintree,-,3A,262,281,543,,
Braintree,-,3B,293,319,620,,
Braintree,-,4A,245,263,513,,
Braintree,-,4B,195,264,460,,
Braintree,-,5A,291,390,688,,
Braintree,-,5B,268,373,646,,
Braintree,-,6A,290,461,759,,
Braintree,-,6B,293,446,749,,
Brewster,-,1,580,516,"1,099",,
Brewster,-,2,542,499,"1,048",,
Brewster,-,3,424,470,902,,
Bridgewater,-,1,231,454,688,,
Bridgewater,-,2,252,430,687,,
Bridgewater,-,3,274,504,780,,
Bridgewater,-,4,127,179,307,,
Bridgewater,-,5,82,103,185,,
Bridgewater,-,6,176,209,389,,
Bridgewater,-,7,260,364,626,,
Brimfield,-,1,283,520,809,,
Brockton,1,A,228,94,324,,
Brockton,1,B,312,220,539,,
Brockton,1,C,210,147,359,,
Brockton,1,D,306,284,600,,
Brockton,2,A,256,18,275,,
Brockton,2,B,175,47,222,,
Brockton,2,C,163,31,195,,
Brockton,2,D,223,133,359,,
Brockton,3,A,277,115,393,,
Brockton,3,B,220,55,276,,
Brockton,3,C,269,269,542,,
Brockton,3,D,300,272,575,,
Brockton,4,A,142,36,180,,
Brockton,4,B,241,130,374,,
Brockton,4,C,236,163,402,,
Brockton,4,D,248,154,408,,
Brockton,5,A,191,56,249,,
Brockton,5,B,303,144,452,,
Brockton,5,C,248,103,354,,
Brockton,5,D,304,172,479,,
Brockton,6,A,128,98,227,,
Brockton,6,B,255,221,481,,
Brockton,6,C,213,143,361,,
Brockton,6,D,231,217,450,,
Brockton,7,A,241,61,303,,
Brockton,7,B,353,97,455,,
Brockton,7,C,295,102,402,,
Brockton,7,D,249,169,423,,
Brookfield,-,1,250,413,665,,
Brookline,-,1,590,139,732,,
Brookline,-,2,412,58,472,,
Brookline,-,3,687,141,834,,
Brookline,-,4,597,114,714,,
Brookline,-,5,769,146,916,,
Brookline,-,6,797,97,898,,
Brookline,-,7,613,80,695,,
Brookline,-,8,750,101,852,,
Brookline,-,9,714,111,826,,
Brookline,-,10,600,108,708,,
Brookline,-,11,706,114,825,,
Brookline,-,12,844,176,"1,023",,
Brookline,-,13,614,171,786,,
Brookline,-,14,546,190,738,,
Brookline,-,15,581,295,878,,
Brookline,-,16,660,219,881,,
Buckland,-,1,328,129,463,,
Burlington,-,1,353,459,817,,
Burlington,-,2,222,207,435,,
Burlington,-,3,357,371,734,,
Burlington,-,4,316,328,648,,
Burlington,-,5,317,411,731,,
Burlington,-,6,298,402,704,,
Burlington,-,7,272,277,553,,
Cambridge,1,1,366,103,470,,
Cambridge,1,2,404,101,511,,
Cambridge,1,3,463,96,565,,
Cambridge,2,1,478,37,518,,
Cambridge,2,2,43,15,59,,
Cambridge,2,3,195,38,237,,
Cambridge,3,1,422,79,509,,
Cambridge,3,2,347,32,382,,
Cambridge,3,2A,219,10,231,,
Cambridge,3,3,517,47,569,,
Cambridge,4,1,690,37,728,,
Cambridge,4,2,722,76,803,,
Cambridge,4,3,207,22,230,,
Cambridge,5,1,634,55,693,,
Cambridge,5,2,695,66,762,,
Cambridge,5,3,522,51,574,,
Cambridge,6,1,746,82,830,,
Cambridge,6,2,668,72,742,,
Cambridge,6,3,743,88,836,,
Cambridge,7,1,799,49,852,,
Cambridge,7,2,315,35,354,,
Cambridge,7,3,167,13,180,,
Cambridge,8,1,475,57,535,,
Cambridge,8,2,533,63,597,,
Cambridge,8,3,96,12,109,,
Cambridge,9,1,"1,116",132,"1,254",,
Cambridge,9,2,861,135,"1,001",,
Cambridge,9,3,737,138,879,,
Cambridge,10,1,903,94,999,,
Cambridge,10,2,"1,009",93,"1,104",,
Cambridge,10,3,624,77,703,,
Cambridge,11,1,379,24,405,,
Cambridge,11,2,938,118,"1,062",,
Cambridge,11,3,726,101,833,,
Canton,-,1,315,376,695,,
Canton,-,2,475,435,912,,
Canton,-,3,330,377,709,,
Canton,-,4,386,523,913,,
Canton,-,5,357,435,800,,
Canton,-,6,363,354,724,,
Carlisle,-,1,919,685,"1,614",,
Carver,-,1,204,366,575,,
Carver,-,2,210,355,568,,
Carver,-,3,302,496,806,,
Charlemont,-,1,174,100,275,,
Charlton,-,1,174,361,536,,
Charlton,-,2,147,371,522,,
Charlton,-,3,159,364,526,,
Charlton,-,4,133,358,493,,
Chatham,-,1,"1,030","1,403","2,445",,
Chelmsford,-,1,429,513,947,,
Chelmsford,-,2,289,337,628,,
Chelmsford,-,3,362,512,880,,
Chelmsford,-,4,229,381,614,,
Chelmsford,-,5,358,451,815,,
Chelmsford,-,6,392,542,935,,
Chelmsford,-,7,451,623,"1,080",,
Chelmsford,-,8,420,508,932,,
Chelmsford,-,9,417,516,939,,
Chelsea,1,1,90,27,122,,
Chelsea,1,2,60,19,81,,
Chelsea,1,3,106,16,122,,
Chelsea,1,4,86,10,97,,
Chelsea,2,1,292,127,431,,
Chelsea,2,2,105,18,130,,
Chelsea,2,3,75,12,89,,
Chelsea,2,4,92,15,107,,
Chelsea,3,1,121,20,143,,
Chelsea,3,2,132,48,180,,
Chelsea,3,3,152,34,188,,
Chelsea,3,4,107,40,148,,
Chelsea,4,1,108,43,155,,
Chelsea,4,2,203,112,322,,
Chelsea,4,3,158,87,250,,
Chelsea,4,4,135,55,194,,
Cheshire,-,1,310,194,513,,
Chester,-,1,95,184,282,,
Chesterfield,-,1,163,143,308,,
Chicopee,1,A,179,255,437,,
Chicopee,1,B,270,302,580,,
Chicopee,2,A,165,112,277,,
Chicopee,2,B,215,249,467,,
Chicopee,3,A,161,162,323,,
Chicopee,3,B,133,110,247,,
Chicopee,4,A,187,236,429,,
Chicopee,4,B,193,196,394,,
Chicopee,5,A,153,194,349,,
Chicopee,5,B,185,197,388,,
Chicopee,6,AN,69,67,137,,
Chicopee,6,AS,134,194,331,,
Chicopee,6,BE,164,364,529,,
Chicopee,6,BW,33,67,103,,
Chicopee,7,A,123,99,226,,
Chicopee,7,B,160,129,292,,
Chicopee,8,A,192,257,452,,
Chicopee,8,B,157,192,354,,
Chicopee,9,A,213,252,468,,
Chicopee,9,B,266,311,580,,
Chilmark,-,1,255,79,334,,
Clarksburg,-,1,144,79,224,,
Clinton,-,1,332,419,760,,
Clinton,-,2,318,377,712,,
Clinton,-,3,328,421,754,,
Clinton,-,4,377,400,787,,
Cohasset,-,1,493,937,"1,441",,
Cohasset,-,2,536,843,"1,381",,
Colrain,-,1,194,127,324,,
Concord,-,1,725,308,"1,038",,
Concord,-,2,810,339,"1,152",,
Concord,-,3,801,405,"1,208",,
Concord,-,4,781,373,"1,160",,
Concord,-,5,518,249,768,,
Conway,-,1,448,162,612,,
Cummington,-,1,159,66,226,,
Dalton,-,1,406,209,"1,052",,
Dalton,-,2,397,205,"1,033",,
Danvers,-,1,285,249,541,,
Danvers,-,2,282,312,600,,
Danvers,-,3,202,255,459,,
Danvers,-,4,280,353,634,,
Danvers,-,5,332,379,715,,
Danvers,-,6,284,421,709,,
Danvers,-,7,303,358,667,,
Danvers,-,8,169,294,468,,
Dartmouth,-,1,153,260,414,,
Dartmouth,-,2,186,196,385,,
Dartmouth,-,3,10,4,14,,
Dartmouth,-,4,232,202,436,,
Dartmouth,-,5,319,277,601,,
Dartmouth,-,6,170,186,357,,
Dartmouth,-,7,255,316,574,,
Dartmouth,-,8,478,402,882,,
Dartmouth,-,9,423,428,855,,
Dedham,-,1,605,422,"1,033",,
Dedham,-,2,401,406,815,,
Dedham,-,3,313,309,631,,
Dedham,-,4,371,340,715,,
Dedham,-,5,388,433,830,,
Dedham,-,6,406,423,835,,
Dedham,-,7,401,513,920,,
Deerfield,-,1,812,422,"1,240",,
Dennis,-,1,481,616,"1,102",,
Dennis,-,2,514,618,"1,136",,
Dennis,-,3,302,372,681,,
Dennis,-,4,424,469,898,,
Dennis,-,5,341,381,723,,
Dighton,-,1,166,302,469,,
Dighton,-,2,170,324,501,,
Douglas,-,1,106,311,420,,
Douglas,-,2,141,330,473,,
Douglas,-,3,120,292,416,,
Dover,-,1,626,"1,026","1,663",,
Dracut,-,1,154,264,423,,
Dracut,-,2,164,288,457,,
Dracut,-,3,212,441,660,,
Dracut,-,4,205,486,707,,
Dracut,-,5,180,344,528,,
Dracut,-,6,249,334,591,,
Dracut,-,6A,11,8,20,,
Dracut,-,7,181,317,499,,
Dracut,-,8,256,504,764,,
Dracut,-,9,195,363,566,,
Dudley,-,1,318,537,870,,
Dudley,-,2,249,424,682,,
Dudley,-,3,231,381,625,,
Dunstable,-,1,254,409,668,,
Duxbury,-,1,286,415,703,,
Duxbury,-,2,253,451,704,,
Duxbury,-,3,238,330,568,,
Duxbury,-,4,204,339,547,,
Duxbury,-,5,219,356,579,,
Duxbury,-,6,224,357,581,,
E. Bridgewater,-,1,186,308,498,,
E. Bridgewater,-,2,164,312,477,,
E. Bridgewater,-,3,253,420,679,,
E. Bridgewater,-,4,191,332,524,,
E. Brookfield,-,1,125,323,450,,
E. Longmeadow,-,1,266,498,768,,
E. Longmeadow,-,2,307,415,727,,
E. Longmeadow,-,3,277,459,741,,
E. Longmeadow,-,4,279,624,906,,
Eastham,-,1,994,866,"1,875",,
Easthampton,-,1,416,227,644,,
Easthampton,-,2,385,150,541,,
Easthampton,-,3,412,175,593,,
Easthampton,-,4,552,246,804,,
Easthampton,-,5,359,335,700,,
Easton,-,1,145,241,389,,
Easton,-,2,344,440,784,,
Easton,-,3,226,328,563,,
Easton,-,4,273,474,748,,
Easton,-,5,353,361,717,,
Easton,-,6,240,354,599,,
Edgartown,-,1,555,368,924,,
Egremont,-,1,270,79,349,,
Erving,-,1,141,112,258,,
Essex,-,1,417,525,947,,
Everett,1,1,272,97,374,,
Everett,1,2,221,98,326,,
Everett,2,1,216,113,332,,
Everett,2,2,206,89,296,,
Everett,3,1,374,170,546,,
Everett,3,2,269,126,398,,
Everett,4,1,309,169,485,,
Everett,4,2,274,132,416,,
Everett,5,1,278,131,412,,
Everett,5,2,266,96,366,,
Everett,6,1,275,121,398,,
Everett,6,2,262,98,362,,
Fairhaven,-,1,232,233,470,,
Fairhaven,-,2,238,218,457,,
Fairhaven,-,3,163,129,293,,
Fairhaven,-,4,196,215,416,,
Fairhaven,-,5,221,247,471,,
Fairhaven,-,6,191,219,413,,
Fall River,1,A,191,140,336,,
Fall River,1,B,157,93,254,,
Fall River,1,C,133,95,230,,
Fall River,2,A,110,31,144,,
Fall River,2,B,86,32,120,,
Fall River,2,C,94,76,170,,
Fall River,3,A,195,92,290,,
Fall River,3,B,167,73,246,,
Fall River,3,C,159,107,270,,
Fall River,4,A,133,57,191,,
Fall River,4,B,144,36,181,,
Fall River,4,C,187,41,231,,
Fall River,5,A,86,28,116,,
Fall River,5,B,80,30,113,,
Fall River,5,B1,10,5,15,,
Fall River,5,C,97,17,117,,
Fall River,6,A,185,126,315,,
Fall River,6,B,151,39,193,,
Fall River,6,C,156,100,262,,
Fall River,6,C1,4,1,5,,
Fall River,7,A,192,139,333,,
Fall River,7,B,109,46,159,,
Fall River,7,C,198,55,259,,
Fall River,8,A,158,73,234,,
Fall River,8,B,286,181,473,,
Fall River,8,C,279,178,462,,
Fall River,9,A,340,261,603,,
Fall River,9,B,214,128,344,,
Fall River,9,C,218,141,361,,
Falmouth,-,1,913,447,"1,366",,
Falmouth,-,2,631,421,"1,060",,
Falmouth,-,3,475,546,"1,029",,
Falmouth,-,4,487,525,"1,013",,
Falmouth,-,5,577,622,"1,207",,
Falmouth,-,6,496,492,989,,
Falmouth,-,7,364,477,851,,
Falmouth,-,8,397,492,894,,
Falmouth,-,9,336,389,725,,
Fitchburg,1,A,117,164,282,,
Fitchburg,1,B,171,215,391,,
Fitchburg,2,A,94,84,180,,
Fitchburg,2,B,157,261,424,,
Fitchburg,3,A,263,380,645,,
Fitchburg,3,B,163,210,377,,
Fitchburg,4,A,117,120,239,,
Fitchburg,4,B,149,116,267,,
Fitchburg,5,A,229,377,610,,
Fitchburg,5,B,112,63,175,,
Fitchburg,6,A,202,283,488,,
Fitchburg,6,B,126,122,250,,
Florida,-,1,53,45,100,,
Foxborough,-,1,251,313,568,,
Foxborough,-,2,360,424,788,,
Foxborough,-,3,311,412,727,,
Foxborough,-,4,311,402,720,,
Foxborough,-,5,237,400,641,,
Framingham,-,1,668,440,"1,113",,
Framingham,-,2,646,410,"1,064",,
Framingham,-,3,445,226,676,,
Framingham,-,4,618,395,"1,018",,
Framingham,-,5,573,347,928,,
Framingham,-,6,528,346,876,,
Framingham,-,7,485,312,801,,
Framingham,-,8,513,230,746,,
Framingham,-,9,296,176,478,,
Framingham,-,10,234,99,333,,
Framingham,-,11,623,405,"1,031",,
Framingham,-,12,289,138,433,,
Framingham,-,13,388,157,549,,
Framingham,-,14,205,72,278,,
Framingham,-,15,230,104,338,,
Framingham,-,16,113,56,170,,
Framingham,-,17,84,22,107,,
Framingham,-,18,152,108,264,,
Franklin,-,1,300,370,678,,
Franklin,-,2,244,336,584,,
Franklin,-,3,331,309,644,,
Franklin,-,4,292,436,734,,
Franklin,-,5,305,414,726,,
Franklin,-,6,278,289,576,,
Franklin,-,7,309,474,786,,
Franklin,-,8,275,437,716,,
Freetown,-,1,153,268,424,,
Freetown,-,2,196,252,450,,
Freetown,-,3,181,295,477,,
Gardner,1,A,205,221,430,,
Gardner,1,B,38,76,114,,
Gardner,2,A,139,160,301,,
Gardner,2,B,114,184,301,,
Gardner,3,A,148,124,274,,
Gardner,3,B,210,189,405,,
Gardner,4,A,146,124,271,,
Gardner,4,B,84,76,160,,
Gardner,5,A,115,120,236,,
Gardner,5,B,167,242,412,,
Georgetown,-,1,221,369,593,,
Georgetown,-,2,188,360,550,,
Georgetown,-,3,188,278,468,,
Gill,-,1,236,115,353,,
Gloucester,1,1,464,307,774,,
Gloucester,1,2,311,224,538,,
Gloucester,2,1,186,122,310,,
Gloucester,2,2,258,105,367,,
Gloucester,3,1,218,139,358,,
Gloucester,3,2,257,186,446,,
Gloucester,4,1,293,274,568,,
Gloucester,4,2,520,325,849,,
Gloucester,5,1,363,364,735,,
Gloucester,5,2,360,348,709,,
Goshen,-,1,144,94,239,,
Gosnold,-,1,15,15,30,,
Grafton,-,1,264,399,668,,
Grafton,-,2,237,410,647,,
Grafton,-,3,247,381,632,,
Grafton,-,4,189,325,515,,
Grafton,-,5,300,452,753,,
Granby,-,1,319,377,705,,
Granby,-,2,221,377,602,,
Granville,-,1,105,260,366,,
Great Barrington,-,A,278,78,356,,
Great Barrington,-,B,319,62,382,,
Great Barrington,-,C,225,35,262,,
Great Barrington,-,D,356,90,447,,
Greenfield,-,1,210,148,362,,
Greenfield,-,2,355,209,569,,
Greenfield,-,3,299,128,435,,
Greenfield,-,4,327,128,457,,
Greenfield,-,5,363,116,487,,
Greenfield,-,6,315,82,401,,
Greenfield,-,7,205,102,310,,
Greenfield,-,8,186,43,229,,
Greenfield,-,9,192,127,320,,
Groton,-,1,464,438,916,,
Groton,-,2,347,404,754,,
Groton,-,3,417,374,809,,
Groveland,-,1,284,476,762,,
Groveland,-,2,274,493,769,,
Hadley,-,1,840,444,"1,288",,
Halifax,-,1,251,482,740,,
Halifax,-,2,247,430,683,,
Hamilton,-,1,279,390,671,,
Hamilton,-,2,245,383,631,,
Hamilton,-,3,204,267,472,,
Hampden,-,1,340,723,"1,069",,
Hancock,-,1,69,44,115,,
Hanover,-,1,237,552,792,,
Hanover,-,2,266,506,775,,
Hanover,-,3,272,485,763,,
Hanover,-,4,207,524,734,,
Hanson,-,1,205,418,630,,
Hanson,-,2,273,480,755,,
Hanson,-,3,185,355,545,,
Hardwick,-,1,314,226,546,,
Harvard,-,1,975,686,"1,672",,
Harwich,-,1,530,508,"1,041",,
Harwich,-,2,476,520,"1,001",,
Harwich,-,3,409,495,908,,
Harwich,-,4,353,344,702,,
Hatfield,-,1,480,342,826,,
Haverhill,1,1,103,71,175,,
Haverhill,1,2,198,126,327,,
Haverhill,1,3,148,186,336,,
Haverhill,2,1,162,165,328,,
Haverhill,2,2,138,213,354,,
Haverhill,2,3,110,90,202,,
Haverhill,3,1,112,45,159,,
Haverhill,3,2,184,119,308,,
Haverhill,3,3,142,165,307,,
Haverhill,4,1,223,326,556,,
Haverhill,4,2,279,393,677,,
Haverhill,4,3,233,329,569,,
Haverhill,5,1,238,259,504,,
Haverhill,5,2,226,336,568,,
Haverhill,5,3,208,446,656,,
Haverhill,6,1,164,206,371,,
Haverhill,6,2,239,288,537,,
Haverhill,6,3,234,312,548,,
Haverhill,7,1,276,337,616,,
Haverhill,7,2,171,222,393,,
Haverhill,7,3,214,363,582,,
Hawley,-,1,45,45,93,,
Heath,-,1,124,71,196,,
Hingham,-,1,415,400,823,,
Hingham,-,2,397,498,903,,
Hingham,-,3,427,571,"1,005",,
Hingham,-,4,372,554,927,,
Hingham,-,5,249,396,647,,
Hingham,-,5A,465,325,796,,
Hingham,-,6,370,574,949,,
Hinsdale,-,1,199,128,332,,
Holbrook,-,1,210,258,471,,
Holbrook,-,2,191,283,478,,
Holbrook,-,3,184,290,476,,
Holbrook,-,4,202,224,428,,
Holden,-,1,320,539,867,,
Holden,-,2,344,564,914,,
Holden,-,3,348,504,856,,
Holden,-,4,316,564,884,,
Holden,-,5,371,604,979,,
Holland,-,1,193,382,583,,
Holliston,-,1,484,528,"1,020",,
Holliston,-,2,455,389,848,,
Holliston,-,3,426,353,780,,
Holliston,-,4,372,411,785,,
Holyoke,1,A,138,20,161,,
Holyoke,1,B,129,39,169,,
Holyoke,2,A,152,63,219,,
Holyoke,2,B,61,29,90,,
Holyoke,3,A,230,105,338,,
Holyoke,3,B,256,209,467,,
Holyoke,4,A,87,30,120,,
Holyoke,4,B,167,69,240,,
Holyoke,5,A,302,385,690,,
Holyoke,5,B,287,156,446,,
Holyoke,6,A,208,86,295,,
Holyoke,6,B,204,119,324,,
Holyoke,7,A,364,333,700,,
Holyoke,7,B,359,206,569,,
Hopedale,-,1,485,649,"1,143",,
Hopkinton,-,1,381,469,852,,
Hopkinton,-,2,336,453,792,,
Hopkinton,-,3,314,489,808,,
Hopkinton,-,4,338,465,808,,
Hubbardston,-,1,391,678,"1,084",,
Hudson,-,1,271,277,553,,
Hudson,-,2,214,203,422,,
Hudson,-,3,242,350,598,,
Hudson,-,4,275,366,646,,
Hudson,-,5,346,350,696,,
Hudson,-,6,194,173,371,,
Hudson,-,7,209,174,389,,
Hull,-,1,494,366,864,,
Hull,-,2,364,342,707,,
Hull,-,3,433,442,883,,
Huntington,-,1,171,278,452,,
Ipswich,-,1,525,345,874,,
Ipswich,-,2,542,451,998,,
Ipswich,-,3,334,439,774,,
Ipswich,-,4,377,399,777,,
Kingston,-,1,209,323,533,,
Kingston,-,2,217,405,624,,
Kingston,-,3,174,357,538,,
Kingston,-,4,247,353,603,,
Lakeville,-,1,204,407,618,,
Lakeville,-,2,185,450,637,,
Lakeville,-,3,202,459,666,,
Lancaster,-,1,277,450,729,,
Lancaster,-,2,302,466,774,,
Lanesborough,-,1,404,189,595,,
Lawrence,A,1,174,90,265,,
Lawrence,A,2,156,26,183,,
Lawrence,A,3,120,71,192,,
Lawrence,A,4,128,60,190,,
Lawrence,B,1,353,62,422,,
Lawrence,B,2,200,36,238,,
Lawrence,B,3,189,43,235,,
Lawrence,B,4,378,22,403,,
Lawrence,C,1,107,27,135,,
Lawrence,C,2,194,103,298,,
Lawrence,C,3,191,17,209,,
Lawrence,C,4,217,27,247,,
Lawrence,D,1,158,73,234,,
Lawrence,D,2,214,18,233,,
Lawrence,D,3,204,27,234,,
Lawrence,D,4,193,24,219,,
Lawrence,E,1,216,226,444,,
Lawrence,E,2,205,228,436,,
Lawrence,E,3,135,62,200,,
Lawrence,E,4,182,69,254,,
Lawrence,F,1,162,183,348,,
Lawrence,F,2,138,37,177,,
Lawrence,F,3,127,46,174,,
Lawrence,F,4,159,76,236,,
Lee,-,1,677,261,943,,
Leicester,-,1,183,371,558,,
Leicester,-,2,146,290,447,,
Leicester,-,3,149,345,499,,
Leicester,-,4,184,345,535,,
Lenox,-,1,964,294,"1,262",,
Leominster,1,A,209,315,525,,
Leominster,1,B,217,317,535,,
Leominster,1,C,110,188,300,,
Leominster,2,A,129,119,249,,
Leominster,2,B,143,183,327,,
Leominster,2,C,88,103,192,,
Leominster,3,A,136,180,320,,
Leominster,3,B,198,319,521,,
Leominster,3,C,207,346,555,,
Leominster,4,A,221,383,604,,
Leominster,4,B,166,414,585,,
Leominster,4,C,123,172,301,,
Leominster,5,A,146,185,336,,
Leominster,5,B,205,319,526,,
Leominster,5,C,112,149,263,,
Leverett,-,1,581,94,677,,
Lexington,-,1,615,202,820,,
Lexington,-,2,951,220,"1,179",,
Lexington,-,3,693,187,885,,
Lexington,-,4,843,278,"1,123",,
Lexington,-,5,772,284,"1,058",,
Lexington,-,6,775,321,"1,102",,
Lexington,-,7,781,261,"1,046",,
Lexington,-,8,747,265,"1,015",,
Lexington,-,9,710,291,"1,008",,
Leyden,-,1,148,70,218,,
Lincoln,-,1,913,307,"1,224",,
Lincoln,-,2,479,221,700,,
Littleton,-,1,354,381,740,,
Littleton,-,2,367,364,739,,
Littleton,-,3,350,339,693,,
Longmeadow,-,A,410,424,836,,
Longmeadow,-,B,348,393,746,,
Longmeadow,-,C,346,466,817,,
Longmeadow,-,D,338,455,796,,
Longmeadow,-,E,386,399,786,,
Lowell,1,1,187,78,266,,
Lowell,1,2,350,435,785,,
Lowell,1,3,356,354,721,,
Lowell,2,1,74,36,111,,
Lowell,2,2,189,31,221,,
Lowell,2,3,272,77,355,,
Lowell,3,1,135,117,254,,
Lowell,3,2,118,53,172,,
Lowell,3,3,129,75,207,,
Lowell,4,1,168,110,280,,
Lowell,4,2,97,44,141,,
Lowell,4,3,136,46,184,,
Lowell,5,1,134,138,277,,
Lowell,5,2,119,70,192,,
Lowell,5,3,139,151,291,,
Lowell,6,1,211,228,446,,
Lowell,6,2,236,201,442,,
Lowell,6,3,230,210,447,,
Lowell,7,1,133,73,210,,
Lowell,7,2,125,36,163,,
Lowell,7,3,76,29,108,,
Lowell,8,1,159,90,251,,
Lowell,8,2,167,135,303,,
Lowell,8,3,313,255,574,,
Lowell,9,1,154,117,277,,
Lowell,9,2,241,183,427,,
Lowell,9,3,143,148,292,,
Lowell,10,1,185,122,310,,
Lowell,10,2,106,53,162,,
Lowell,10,3,68,26,95,,
Lowell,11,1,127,111,238,,
Lowell,11,2,179,177,358,,
Lowell,11,3,206,143,352,,
Ludlow,-,1,208,283,494,,
Ludlow,-,2,138,185,326,,
Ludlow,-,3,160,362,528,,
Ludlow,-,4,229,260,495,,
Ludlow,-,5,144,249,395,,
Ludlow,-,6,235,408,654,,
Lunenburg,-,A,177,362,542,,
Lunenburg,-,B,188,292,482,,
Lunenburg,-,C,175,339,517,,
Lunenburg,-,D,200,330,533,,
Lynn,1,1,382,395,778,,
Lynn,1,2,369,345,718,,
Lynn,1,3,344,242,591,,
Lynn,1,4,291,189,486,,
Lynn,2,1,404,327,734,,
Lynn,2,2,235,84,321,,
Lynn,2,3,159,55,218,,
Lynn,2,4,162,61,224,,
Lynn,3,1,234,143,379,,
Lynn,3,2,199,85,289,,
Lynn,3,3,203,101,306,,
Lynn,3,4,262,106,369,,
Lynn,4,1,114,18,133,,
Lynn,4,2,184,34,219,,
Lynn,4,3,230,50,282,,
Lynn,4,4,312,122,436,,
Lynn,5,1,217,106,326,,
Lynn,5,2,110,15,126,,
Lynn,5,3,119,18,137,,
Lynn,5,4,424,117,544,,
Lynn,6,1,200,63,267,,
Lynn,6,2,121,29,150,,
Lynn,6,3,193,38,235,,
Lynn,6,4,157,58,215,,
Lynn,7,1,377,207,588,,
Lynn,7,2,272,164,438,,
Lynn,7,3,170,91,263,,
Lynn,7,4,188,106,295,,
Lynnfield,-,1,238,425,666,,
Lynnfield,-,2,201,299,505,,
Lynnfield,-,3,218,335,555,,
Lynnfield,-,4,237,526,769,,
Malden,1,1,280,82,365,,
Malden,1,2,369,120,493,,
Malden,2,1,381,125,511,,
Malden,2,2,374,182,558,,
Malden,3,1,423,172,601,,
Malden,3,2,555,247,808,,
Malden,4,1,263,87,355,,
Malden,4,2,242,67,316,,
Malden,5,1,369,98,470,,
Malden,5,2,547,253,808,,
Malden,6,1,386,167,555,,
Malden,6,2,418,171,594,,
Malden,7,1,294,61,356,,
Malden,7,2,375,92,472,,
Malden,8,1,394,161,558,,
Malden,8,2,222,113,335,,
Manchester-by-the-Sea,-,1,730,804,"1,545",,
Mansfield,-,1,238,462,704,,
Mansfield,-,2,294,358,654,,
Mansfield,-,3,248,402,654,,
Mansfield,-,4,222,364,587,,
Mansfield,-,5,227,253,484,,
Mansfield,-,6,252,249,505,,
Marblehead,-,1,558,475,"1,046",,
Marblehead,-,2,525,442,972,,
Marblehead,-,3,430,367,806,,
Marblehead,-,4,492,517,"1,016",,
Marblehead,-,5,536,406,951,,
Marblehead,-,6,488,440,932,,
Marion,-,1,604,743,"1,360",,
Marlborough,1,1,281,203,492,,
Marlborough,1,2,306,366,677,,
Marlborough,2,1,273,272,548,,
Marlborough,2,2,191,184,379,,
Marlborough,3,1,159,114,277,,
Marlborough,3,2,289,274,565,,
Marlborough,4,1,99,100,200,,
Marlborough,4,2,305,325,633,,
Marlborough,5,1,165,90,259,,
Marlborough,5,2,201,211,413,,
Marlborough,6,1,161,144,308,,
Marlborough,6,2,292,294,595,,
Marlborough,7,1,245,181,429,,
Marlborough,7,2,178,239,418,,
Marshfield,-,1,281,421,702,,
Marshfield,-,2,305,497,804,,
Marshfield,-,3,321,378,702,,
Marshfield,-,4,314,431,747,,
Marshfield,-,5,254,387,645,,
Marshfield,-,6,392,596,992,,
Marshfield,-,7,277,556,834,,
Mashpee,-,1,415,450,868,,
Mashpee,-,2,225,396,625,,
Mashpee,-,3,151,296,448,,
Mashpee,-,4,265,303,570,,
Mashpee,-,5,366,601,969,,
Mattapoisett,-,1,759,925,"1,710",,
Maynard,-,1,357,266,629,,
Maynard,-,2,379,228,616,,
Maynard,-,3,352,255,612,,
Maynard,-,4,332,221,559,,
Medfield,-,1,342,433,780,,
Medfield,-,2,309,444,761,,
Medfield,-,3,343,473,822,,
Medfield,-,4,282,457,743,,
Medford,1,1,395,165,569,,
Medford,1,2,470,212,690,,
Medford,2,1,453,227,681,,
Medford,2,2,482,317,811,,
Medford,3,1,531,337,872,,
Medford,3,2,557,452,"1,014",,
Medford,4,1,290,95,387,,
Medford,4,2,566,197,768,,
Medford,5,1,398,140,541,,
Medford,5,2,389,98,492,,
Medford,6,1,857,225,"1,092",,
Medford,6,2,643,324,972,,
Medford,7,1,316,104,422,,
Medford,7,2,309,179,496,,
Medford,8,1,585,274,866,,
Medford,8,2,453,211,670,,
Medway,-,1,209,343,557,,
Medway,-,2,282,317,604,,
Medway,-,3,316,338,658,,
Medway,-,4,293,363,664,,
Melrose,1,1,385,216,606,,
Melrose,1,2,326,175,501,,
Melrose,2,1,301,248,555,,
Melrose,2,2,298,192,491,,
Melrose,3,1,357,183,546,,
Melrose,3,2,287,153,442,,
Melrose,4,1,245,154,399,,
Melrose,4,2,244,324,569,,
Melrose,5,1,241,147,388,,
Melrose,5,2,248,160,411,,
Melrose,6,1,244,131,381,,
Melrose,6,2,251,224,478,,
Melrose,7,1,222,165,389,,
Melrose,7,2,284,204,489,,
Mendon,-,1,404,718,"1,126",,
Merrimac,-,1,293,334,629,,
Merrimac,-,2,283,394,680,,
Methuen,-,1,219,334,558,,
Methuen,-,2,139,45,185,,
Methuen,-,3,223,291,520,,
Methuen,-,4,269,288,562,,
Methuen,-,5,175,193,370,,
Methuen,-,6,216,284,502,,
Methuen,-,7,236,358,597,,
Methuen,-,8,244,487,736,,
Methuen,-,9,181,404,590,,
Methuen,-,10,211,318,529,,
Methuen,-,11,243,490,743,,
Methuen,-,12,174,369,548,,
Middleborough,-,1,472,698,"1,178",,
Middleborough,-,2,191,255,449,,
Middleborough,-,3,201,464,667,,
Middleborough,-,4,160,263,425,,
Middleborough,-,5,235,430,669,,
Middleborough,-,6,178,333,514,,
Middlefield,-,1,90,56,147,,
Middleton,-,1,263,471,737,,
Middleton,-,2,267,436,708,,
Milford,-,1,191,164,358,,
Milford,-,2,251,210,466,,
Milford,-,3,194,261,461,,
Milford,-,4,206,168,377,,
Milford,-,5,324,374,703,,
Milford,-,6,258,276,535,,
Milford,-,7,219,323,543,,
Milford,-,8,306,325,634,,
Millbury,-,1,197,337,541,,
Millbury,-,2,262,503,769,,
Millbury,-,3,211,341,554,,
Millbury,-,4,198,301,506,,
Millis,-,1,351,429,789,,
Millis,-,2,303,435,748,,
Millis,-,3,323,408,737,,
Millville,-,1,151,337,489,,
Milton,-,1,464,148,616,,
Milton,-,2,575,224,804,,
Milton,-,3,417,361,784,,
Milton,-,4,421,258,685,,
Milton,-,5,373,281,660,,
Milton,-,6,364,437,808,,
Milton,-,7,311,388,703,,
Milton,-,8,337,395,739,,
Milton,-,9,311,497,813,,
Milton,-,10,334,122,458,,
Monroe,-,1,9,11,20,,
Monson,-,A,189,292,482,,
Monson,-,B,167,303,471,,
Monson,-,C,182,300,487,,
Montague,-,1,417,122,540,,
Montague,-,2,218,97,321,,
Montague,-,3,185,107,297,,
Montague,-,4,191,156,351,,
Montague,-,5,170,31,204,,
Montague,-,6,151,109,263,,
Monterey,-,1,213,45,258,,
Montgomery,-,1,72,169,241,,
Mount Washington,-,1,33,15,48,,
Nahant,-,1,621,522,"1,147",,
Nantucket,-,1,"1,114",877,"1,996",,
Natick,-,1,251,137,389,,
Natick,-,2,486,302,796,,
Natick,-,3,514,307,830,,
Natick,-,4,440,261,705,,
Natick,-,5,460,358,822,,
Natick,-,6,454,322,777,,
Natick,-,7,511,318,830,,
Natick,-,8,501,255,759,,
Natick,-,9,435,322,763,,
Natick,-,10,614,469,"1,090",,
Needham,-,A,386,231,622,,
Needham,-,B,500,314,816,,
Needham,-,C,501,345,853,,
Needham,-,D,499,286,788,,
Needham,-,E,514,360,876,,
Needham,-,F,560,272,838,,
Needham,-,G,581,304,890,,
Needham,-,H,554,371,927,,
Needham,-,I,576,277,855,,
Needham,-,J,503,291,796,,
New Ashford,-,1,54,19,73,,
New Bedford,1,A,209,139,350,,
New Bedford,1,B,162,110,274,,
New Bedford,1,C,145,121,267,,
New Bedford,1,D,165,135,305,,
New Bedford,1,E,182,114,296,,
New Bedford,1,F,137,139,278,,
New Bedford,2,A,26,20,47,,
New Bedford,2,B,79,41,123,,
New Bedford,2,C,86,37,125,,
New Bedford,2,D,92,72,166,,
New Bedford,2,E,140,92,236,,
New Bedford,2,F,123,87,211,,
New Bedford,3,A,40,24,64,,
New Bedford,3,B,85,24,112,,
New Bedford,3,C,109,39,150,,
New Bedford,3,D,130,53,183,,
New Bedford,3,E,165,117,284,,
New Bedford,3,F,192,103,296,,
New Bedford,4,A,124,22,148,,
New Bedford,4,B,178,36,216,,
New Bedford,4,C,231,53,287,,
New Bedford,4,D,147,37,184,,
New Bedford,4,E,127,54,183,,
New Bedford,4,F,150,42,193,,
New Bedford,5,A,87,35,123,,
New Bedford,5,B,227,89,317,,
New Bedford,5,C,152,72,226,,
New Bedford,5,D,224,88,316,,
New Bedford,5,E,239,157,400,,
New Bedford,5,F,242,158,404,,
New Bedford,6,A,135,97,237,,
New Bedford,6,B,152,91,248,,
New Bedford,6,C,109,20,130,,
New Bedford,6,D,47,14,61,,
New Bedford,6,E,77,22,99,,
New Bedford,6,F,92,37,132,,
New Braintree,-,1,101,153,255,,
New Marlborough,-,1,215,101,318,,
New Salem,-,1,168,127,296,,
Newbury,-,1,522,484,"1,010",,
Newbury,-,2,398,534,937,,
Newburyport,1,P,107,100,207,,
Newburyport,1,1,436,259,699,,
Newburyport,2,1,559,224,787,,
Newburyport,3,1,512,308,825,,
Newburyport,4,1,521,367,893,,
Newburyport,5,1,268,319,593,,
Newburyport,6,1,376,364,742,,
Newton,1,1,341,183,533,,
Newton,1,2,502,125,634,,
Newton,1,3,479,131,614,,
Newton,1,4,319,213,535,,
Newton,2,1,508,174,686,,
Newton,2,2,419,119,542,,
Newton,2,3,686,193,886,,
Newton,2,4,738,177,915,,
Newton,3,1,559,219,783,,
Newton,3,2,598,190,791,,
Newton,3,3,433,190,627,,
Newton,3,4,466,191,664,,
Newton,4,1,468,160,629,,
Newton,4,2,563,132,699,,
Newton,4,3,354,97,459,,
Newton,4,4,443,152,604,,
Newton,5,1,416,151,570,,
Newton,5,2,603,133,739,,
Newton,5,3,771,188,961,,
Newton,5,4,761,200,963,,
Newton,6,1,449,158,611,,
Newton,6,2,662,142,807,,
Newton,6,3,794,119,915,,
Newton,6,4,754,192,949,,
Newton,7,1,417,212,633,,
Newton,7,2,694,197,894,,
Newton,7,3,161,51,212,,
Newton,7,4,251,123,377,,
Newton,8,1,453,266,721,,
Newton,8,2,455,264,719,,
Newton,8,3,554,230,784,,
Newton,8,4,318,126,445,,
Norfolk,-,1,167,310,479,,
Norfolk,-,2,336,555,897,,
Norfolk,-,3,252,518,778,,
N. Adams,1,1,234,95,332,,
N. Adams,2,2,210,78,289,,
N. Adams,3,3,179,38,221,,
N. Adams,4,4,272,133,406,,
N. Adams,5,5,220,69,290,,
N. Andover,-,1,262,328,590,,
N. Andover,-,2,288,426,722,,
N. Andover,-,3,286,304,594,,
N. Andover,-,4,344,467,812,,
N. Andover,-,5,182,295,480,,
N. Andover,-,6,254,546,801,,
N. Andover,-,7,243,346,590,,
N. Andover,-,8,246,428,677,,
N. Attleborough,-,1,238,280,531,,
N. Attleborough,-,2,324,481,824,,
N. Attleborough,-,3,350,645,"1,016",,
N. Attleborough,-,4,257,248,511,,
N. Attleborough,-,5,251,357,621,,
N. Attleborough,-,6,388,543,949,,
N. Attleborough,-,7,411,610,"1,038",,
N. Attleborough,-,8,324,592,926,,
N. Attleborough,-,9,325,517,854,,
N. Brookfield,-,1,270,626,900,,
N. Reading,-,1,299,476,778,,
N. Reading,-,2,253,373,633,,
N. Reading,-,3,262,468,736,,
N. Reading,-,4,357,475,835,,
Northampton,1,A,402,70,481,,
Northampton,1,B,805,210,"1,039",,
Northampton,2,A,771,91,869,,
Northampton,2,B,346,35,384,,
Northampton,3,A,593,115,722,,
Northampton,3,B,535,70,621,,
Northampton,4,A,387,41,434,,
Northampton,4,B,689,115,821,,
Northampton,5,A,608,129,750,,
Northampton,5,B,711,158,887,,
Northampton,6,A,635,303,960,,
Northampton,6,B,688,271,981,,
Northampton,7,A,707,216,938,,
Northampton,7,B,675,262,950,,
Northborough,-,1,360,419,787,,
Northborough,-,2,388,451,844,,
Northborough,-,3,426,471,903,,
Northborough,-,4,386,562,954,,
Northbridge,-,1,219,439,664,,
Northbridge,-,2,214,376,591,,
Northbridge,-,3,156,379,539,,
Northbridge,-,4,185,468,656,,
Northfield,-,1,395,251,651,,
Norton,-,1,223,332,556,,
Norton,-,2,214,352,569,,
Norton,-,3,266,300,568,,
Norton,-,4,252,345,598,,
Norton,-,5,114,205,322,,
Norwell,-,1,312,469,787,,
Norwell,-,2,339,603,943,,
Norwell,-,3,329,571,906,,
Norwood,-,1,340,373,719,,
Norwood,-,2,312,329,646,,
Norwood,-,3,321,350,677,,
Norwood,-,4,413,474,893,,
Norwood,-,5,229,175,407,,
Norwood,-,6,198,223,428,,
Norwood,-,7,269,325,597,,
Norwood,-,8,367,320,696,,
Norwood,-,9,299,418,720,,
Oak Bluffs,-,1,726,395,"1,127",,
Oakham,-,1,152,336,490,,
Orange,-,1,228,337,569,,
Orange,-,2,264,344,614,,
Orleans,-,1,"1,219","1,095","2,319",,
Otis,-,1,157,121,280,,
Oxford,-,1,188,389,582,,
Oxford,-,2,188,338,527,,
Oxford,-,3,201,343,548,,
Oxford,-,4,163,338,502,,
Palmer,-,1,218,304,529,,
Palmer,-,1A,38,27,65,,
Palmer,-,2,223,397,628,,
Palmer,-,3,226,243,472,,
Palmer,-,4,222,272,499,,
Paxton,-,1,404,730,"1,142",,
Peabody,1,1,266,300,573,,
Peabody,1,2,304,365,676,,
Peabody,1,3,259,262,527,,
Peabody,2,1,173,89,265,,
Peabody,2,2,142,110,254,,
Peabody,2,3,206,251,464,,
Peabody,3,1,143,75,222,,
Peabody,3,2,220,159,383,,
Peabody,3,3,223,247,479,,
Peabody,4,1,229,260,494,,
Peabody,4,2,208,220,432,,
Peabody,4,3,198,163,361,,
Peabody,4,3A,583,395,985,,
Peabody,5,1,270,373,646,,
Peabody,5,2,234,223,460,,
Peabody,5,3,253,280,536,,
Peabody,6,1,264,365,631,,
Peabody,6,2,253,337,593,,
Peabody,6,3,275,375,654,,
Pelham,-,1,427,56,484,,
Pembroke,-,1,270,456,728,,
Pembroke,-,2,235,384,621,,
Pembroke,-,3,221,382,610,,
Pembroke,-,4,215,434,655,,
Pembroke,-,5,222,437,659,,
Pepperell,-,1,227,440,671,,
Pepperell,-,2,350,513,867,,
Pepperell,-,3,288,450,743,,
Peru,-,1,84,54,139,,
Petersham,-,1,193,194,393,,
Phillipston,-,1,107,196,304,,
Pittsfield,1,A,222,83,312,,
Pittsfield,1,B,295,118,415,,
Pittsfield,2,A,119,29,151,,
Pittsfield,2,B,297,90,389,,
Pittsfield,3,A,411,133,547,,
Pittsfield,3,B,417,134,551,,
Pittsfield,4,A,440,178,621,,
Pittsfield,4,B,516,254,772,,
Pittsfield,5,A,353,109,463,,
Pittsfield,5,B,286,109,396,,
Pittsfield,6,A,377,108,488,,
Pittsfield,6,B,213,90,306,,
Pittsfield,7,A,169,59,231,,
Pittsfield,7,B,299,107,408,,
Plainfield,-,1,165,48,214,,
Plainville,-,1,203,301,508,,
Plainville,-,2,164,266,435,,
Plainville,-,3,145,318,469,,
Plymouth,-,1,223,250,474,,
Plymouth,-,2,335,376,715,,
Plymouth,-,3,291,273,569,,
Plymouth,-,4,318,345,669,,
Plymouth,-,5,299,503,806,,
Plymouth,-,6,301,412,722,,
Plymouth,-,7,239,334,578,,
Plymouth,-,8,291,488,784,,
Plymouth,-,9,169,286,461,,
Plymouth,-,10,216,244,461,,
Plymouth,-,11,342,529,877,,
Plymouth,-,12,211,423,638,,
Plymouth,-,13,311,407,720,,
Plymouth,-,14,222,435,658,,
Plymouth,-,15,723,927,"1,661",,
Plympton,-,1,266,420,697,,
Princeton,-,1,466,661,"1,133",,
Provincetown,-,1,957,111,"1,068",,
Quincy,1,1,241,252,498,,
Quincy,1,2,199,131,333,,
Quincy,1,3,282,254,541,,
Quincy,1,4,321,395,723,,
Quincy,1,5,364,409,785,,
Quincy,2,1,247,225,477,,
Quincy,2,2,310,234,550,,
Quincy,2,3,138,84,223,,
Quincy,2,3A,72,56,130,,
Quincy,2,4,189,170,362,,
Quincy,2,5,285,222,513,,
Quincy,3,1,283,270,560,,
Quincy,3,2,314,236,554,,
Quincy,3,3,188,147,340,,
Quincy,3,4,280,350,634,,
Quincy,3,5,179,149,333,,
Quincy,4,1,188,225,415,,
Quincy,4,2,279,279,561,,
Quincy,4,3,246,331,585,,
Quincy,4,4,180,137,320,,
Quincy,4,5,235,178,421,,
Quincy,5,1,237,139,390,,
Quincy,5,2,310,191,507,,
Quincy,5,3,338,244,592,,
Quincy,5,4,244,255,502,,
Quincy,5,5,310,268,587,,
Quincy,6,1,235,195,431,,
Quincy,6,2,166,127,295,,
Quincy,6,3,369,313,687,,
Quincy,6,4,248,191,444,,
Quincy,6,5,420,540,976,,
Randolph,-,1,291,104,403,,
Randolph,-,2,297,106,405,,
Randolph,-,3,260,139,402,,
Randolph,-,4,287,160,448,,
Randolph,-,5,268,118,387,,
Randolph,-,6,251,105,358,,
Randolph,-,7,296,115,413,,
Randolph,-,8,427,107,538,,
Randolph,-,9,311,100,414,,
Randolph,-,10,284,138,427,,
Randolph,-,11,287,157,445,,
Randolph,-,12,289,174,471,,
Raynham,-,1,144,276,423,,
Raynham,-,1A,29,42,72,,
Raynham,-,2,169,283,453,,
Raynham,-,2A,21,67,88,,
Raynham,-,3,187,283,473,,
Raynham,-,4,166,271,439,,
Reading,-,1,410,466,878,,
Reading,-,2,295,328,628,,
Reading,-,3,298,335,636,,
Reading,-,4,332,321,658,,
Reading,-,5,335,268,609,,
Reading,-,6,248,269,518,,
Reading,-,7,375,358,737,,
Reading,-,8,313,344,659,,
Rehoboth,-,1,163,333,497,,
Rehoboth,-,2,235,367,605,,
Rehoboth,-,3,198,303,504,,
Revere,1,1,199,140,344,,
Revere,1,2,196,114,312,,
Revere,1,3,228,131,360,,
Revere,2,1,131,71,206,,
Revere,2,2,161,59,222,,
Revere,2,3,77,22,99,,
Revere,2,3A,25,19,44,,
Revere,3,1,171,133,306,,
Revere,3,2,152,95,247,,
Revere,3,3,198,118,318,,
Revere,4,1,218,138,362,,
Revere,4,2,188,122,313,,
Revere,4,3,240,150,393,,
Revere,5,1,203,187,397,,
Revere,5,1A,226,129,358,,
Revere,5,2,107,82,191,,
Revere,5,2A,65,36,103,,
Revere,5,3,186,139,328,,
Revere,6,1,234,173,409,,
Revere,6,2,202,196,402,,
Revere,6,3,161,68,233,,
Richmond,-,1,319,95,415,,
Rochester,-,1,372,777,"1,152",,
Rockland,-,1,197,245,448,,
Rockland,-,2,276,305,590,,
Rockland,-,3,156,199,358,,
Rockland,-,4,176,202,385,,
Rockland,-,5,206,335,543,,
Rockland,-,6,164,319,485,,
Rockport,-,1,355,232,594,,
Rockport,-,2,403,283,693,,
Rockport,-,3,492,402,900,,
Rowe,-,1,56,38,95,,
Rowley,-,1,507,825,"1,346",,
Royalston,-,1,89,74,164,,
Royalston,-,2,56,53,112,,
Russell,-,1,73,205,281,,
Rutland,-,1,209,379,594,,
Rutland,-,2,186,409,601,,
Rutland,-,3,212,361,580,,
Salem,1,1,450,256,711,,
Salem,1,2,126,19,145,,
Salem,2,1,417,172,594,,
Salem,2,2,483,185,672,,
Salem,3,1,230,125,357,,
Salem,3,2,253,159,414,,
Salem,4,1,219,199,420,,
Salem,4,2,251,213,466,,
Salem,5,1,356,218,578,,
Salem,5,2,260,107,371,,
Salem,6,1,298,226,531,,
Salem,6,2,244,181,427,,
Salem,7,1,217,143,360,,
Salem,7,2,286,197,487,,
Salisbury,-,1,231,262,495,,
Salisbury,-,2,246,300,554,,
Salisbury,-,3,170,254,425,,
Sandisfield,-,1,99,41,142,,
Sandwich,-,1,529,618,"1,153",,
Sandwich,-,2,413,600,"1,014",,
Sandwich,-,3,306,473,782,,
Sandwich,-,4,260,447,708,,
Sandwich,-,5,221,454,678,,
Sandwich,-,6,193,470,666,,
Saugus,-,1,241,240,483,,
Saugus,-,2,242,254,496,,
Saugus,-,3,209,250,460,,
Saugus,-,4,161,253,416,,
Saugus,-,5,212,319,537,,
Saugus,-,6,209,234,446,,
Saugus,-,7,222,310,536,,
Saugus,-,8,228,231,465,,
Saugus,-,9,209,329,542,,
Saugus,-,10,230,210,443,,
Savoy,-,1,57,35,92,,
Scituate,-,1,342,523,872,,
Scituate,-,2,319,508,832,,
Scituate,-,3,353,432,789,,
Scituate,-,4,370,566,942,,
Scituate,-,5,371,454,834,,
Scituate,-,6,327,415,748,,
Seekonk,-,1,162,232,395,,
Seekonk,-,2,225,279,506,,
Seekonk,-,3,193,215,410,,
Seekonk,-,4,167,188,358,,
Sharon,-,1,650,253,905,,
Sharon,-,2,455,233,689,,
Sharon,-,3,543,306,851,,
Sharon,-,4,540,237,779,,
Sharon,-,5,395,256,654,,
Sheffield,-,1,466,184,653,,
Shelburne,-,1,394,137,534,,
Sherborn,-,1,694,651,"1,348",,
Shirley,-,1,545,749,"1,313",,
Shrewsbury,-,1,383,519,906,,
Shrewsbury,-,2,293,308,606,,
Shrewsbury,-,3,220,257,479,,
Shrewsbury,-,4,263,336,599,,
Shrewsbury,-,5,290,393,686,,
Shrewsbury,-,6,393,456,854,,
Shrewsbury,-,7,328,581,911,,
Shrewsbury,-,8,383,562,945,,
Shrewsbury,-,9,235,285,523,,
Shrewsbury,-,10,319,355,680,,
Shutesbury,-,1,569,94,667,,
Somerset,-,1,303,263,568,,
Somerset,-,2,359,359,721,,
Somerset,-,3,344,288,639,,
Somerset,-,4,266,203,473,,
Somerset,-,5,268,236,505,,
Somerville,1,1,337,71,412,,
Somerville,1,2,355,131,492,,
Somerville,1,3,290,82,379,,
Somerville,2,1,513,38,553,,
Somerville,2,2,650,83,737,,
Somerville,2,3,611,108,728,,
Somerville,3,1,614,79,703,,
Somerville,3,2,605,116,727,,
Somerville,3,3,663,144,811,,
Somerville,4,1,326,113,443,,
Somerville,4,2,381,73,458,,
Somerville,4,3,426,125,557,,
Somerville,5,1,598,140,745,,
Somerville,5,2,647,125,781,,
Somerville,5,3,729,127,864,,
Somerville,6,1,778,120,905,,
Somerville,6,2,810,134,957,,
Somerville,6,3,446,83,532,,
Somerville,7,1,713,131,854,,
Somerville,7,2,583,93,684,,
Somerville,7,3,539,165,711,,
S. Hadley,-,A,358,257,616,,
S. Hadley,-,B,427,361,792,,
S. Hadley,-,C,358,410,773,,
S. Hadley,-,D,315,215,532,,
S. Hadley,-,E,379,379,760,,
Southampton,-,1,613,808,"1,437",,
Southborough,-,1,395,468,864,,
Southborough,-,2,334,380,720,,
Southborough,-,3,341,397,738,,
Southbridge,-,1,274,336,619,,
Southbridge,-,2,202,204,412,,
Southbridge,-,3,274,305,585,,
Southbridge,-,4,373,440,821,,
Southbridge,-,5,167,140,313,,
Southwick,-,1,172,538,711,,
Southwick,-,2,153,341,498,,
Southwick,-,3,177,389,570,,
Spencer,-,1,157,307,467,,
Spencer,-,2,137,238,380,,
Spencer,-,3,164,340,509,,
Spencer,-,4,175,316,493,,
Springfield,1,A,162,11,174,,
Springfield,1,B,205,25,231,,
Springfield,1,C,97,19,116,,
Springfield,1,D,145,30,177,,
Springfield,1,E,218,25,247,,
Springfield,1,F,157,23,181,,
Springfield,1,G,139,39,180,,
Springfield,1,H,152,22,177,,
Springfield,2,A,101,33,134,,
Springfield,2,B,241,111,355,,
Springfield,2,C,122,45,167,,
Springfield,2,D,163,85,249,,
Springfield,2,E,145,131,280,,
Springfield,2,F,149,83,235,,
Springfield,2,G,190,144,338,,
Springfield,2,H,164,105,270,,
Springfield,3,A,126,30,156,,
Springfield,3,B,114,21,137,,
Springfield,3,C,88,21,114,,
Springfield,3,D,116,15,131,,
Springfield,3,E,91,14,107,,
Springfield,3,F,113,37,151,,
Springfield,3,G,58,11,69,,
Springfield,3,H,92,41,135,,
Springfield,4,A,234,29,263,,
Springfield,4,B,219,16,235,,
Springfield,4,C,119,7,126,,
Springfield,4,D,125,13,139,,
Springfield,4,E,118,12,130,,
Springfield,4,F,70,5,75,,
Springfield,4,G,242,23,266,,
Springfield,4,H,170,12,183,,
Springfield,5,A,192,30,222,,
Springfield,5,B,173,63,237,,
Springfield,5,C,138,76,216,,
Springfield,5,D,242,200,445,,
Springfield,5,E,221,78,300,,
Springfield,5,F,250,113,363,,
Springfield,5,G,227,219,449,,
Springfield,5,H,212,147,362,,
Springfield,6,A,137,62,203,,
Springfield,6,B,237,155,394,,
Springfield,6,C,150,131,283,,
Springfield,6,D,233,187,421,,
Springfield,6,E,124,48,176,,
Springfield,6,F,131,49,182,,
Springfield,6,G,162,101,263,,
Springfield,6,H,161,148,315,,
Springfield,7,A,195,179,378,,
Springfield,7,B,292,260,558,,
Springfield,7,C,257,235,494,,
Springfield,7,D,195,196,394,,
Springfield,7,E,125,89,217,,
Springfield,7,F,285,235,522,,
Springfield,7,G,217,224,448,,
Springfield,7,H,132,109,241,,
Springfield,8,A,149,115,265,,
Springfield,8,B,150,93,244,,
Springfield,8,C,190,55,245,,
Springfield,8,D,67,52,121,,
Springfield,8,E,99,45,147,,
Springfield,8,F,118,84,202,,
Springfield,8,G,150,138,289,,
Springfield,8,H,144,40,184,,
Sterling,-,1,347,669,"1,026",,
Sterling,-,2,299,648,953,,
Stockbridge,-,1,422,107,537,,
Stoneham,-,1,386,295,688,,
Stoneham,-,2,425,358,787,,
Stoneham,-,3,446,402,854,,
Stoneham,-,4,353,389,748,,
Stoneham,-,5,350,402,761,,
Stoneham,-,6,354,375,738,,
Stoneham,-,7,351,336,692,,
Stoughton,-,1,332,324,662,,
Stoughton,-,2,329,301,634,,
Stoughton,-,3,287,286,578,,
Stoughton,-,4,310,449,762,,
Stoughton,-,5,263,231,495,,
Stoughton,-,6,481,376,861,,
Stoughton,-,7,275,247,527,,
Stoughton,-,8,238,179,419,,
Stow,-,1,500,479,984,,
Stow,-,2,532,400,942,,
Sturbridge,-,1,264,364,630,,
Sturbridge,-,2,222,425,649,,
Sturbridge,-,3,247,385,633,,
Sudbury,-,1,468,389,866,,
Sudbury,-,1A,143,148,294,,
Sudbury,-,2,669,395,"1,075",,
Sudbury,-,3,614,515,"1,144",,
Sudbury,-,4,681,424,"1,114",,
Sudbury,-,5,612,439,"1,059",,
Sunderland,-,1,488,203,695,,
Sutton,-,1,193,542,736,,
Sutton,-,2,183,461,646,,
Sutton,-,3,195,417,615,,
Swampscott,-,1,312,207,523,,
Swampscott,-,2,328,218,547,,
Swampscott,-,3,286,185,476,,
Swampscott,-,4,411,272,685,,
Swampscott,-,5,314,232,548,,
Swampscott,-,6,349,264,615,,
Swansea,-,1,165,203,369,,
Swansea,-,2,184,150,335,,
Swansea,-,3,171,175,347,,
Swansea,-,4,125,191,317,,
Swansea,-,5,155,202,358,,
Taunton,1,A,185,145,331,,
Taunton,1,B,233,275,511,,
Taunton,2,A,152,73,227,,
Taunton,2,B,182,131,315,,
Taunton,3,A,261,188,451,,
Taunton,3,B,225,264,490,,
Taunton,4,A,177,289,466,,
Taunton,4,B,194,215,412,,
Taunton,5,A,168,151,322,,
Taunton,5,B,198,122,321,,
Taunton,6,A,157,97,256,,
Taunton,6,B,223,163,392,,
Taunton,7,A,294,290,587,,
Taunton,7,B,203,291,494,,
Taunton,8,A,211,308,520,,
Taunton,8,B,272,353,635,,
Templeton,-,A,265,461,734,,
Templeton,-,B,236,403,651,,
Templeton,-,C,233,341,581,,
Tewksbury,-,1,273,412,688,,
Tewksbury,-,1A,262,445,717,,
Tewksbury,-,2,262,354,620,,
Tewksbury,-,2A,216,316,537,,
Tewksbury,-,3,275,479,760,,
Tewksbury,-,3A,264,438,705,,
Tewksbury,-,4,284,428,720,,
Tewksbury,-,4A,285,417,708,,
Tisbury,-,1,660,271,934,,
Tolland,-,1,32,89,122,,
Topsfield,-,1,708,"1,067","1,789",,
Townsend,-,1,190,419,612,,
Townsend,-,2,209,358,568,,
Townsend,-,3,194,385,579,,
Truro,-,1,492,202,698,,
Tyngsborough,-,1,194,343,539,,
Tyngsborough,-,2,182,323,506,,
Tyngsborough,-,3,208,349,559,,
Tyngsborough,-,4,168,367,540,,
Tyringham,-,1,91,33,124,,
Upton,-,1,331,443,779,,
Upton,-,2,278,458,745,,
Uxbridge,-,1,197,411,611,,
Uxbridge,-,2,235,347,586,,
Uxbridge,-,3,149,371,521,,
Uxbridge,-,4,192,341,537,,
Wakefield,-,1,381,490,876,,
Wakefield,-,2,271,310,585,,
Wakefield,-,3,332,378,715,,
Wakefield,-,4,392,433,828,,
Wakefield,-,5,433,429,863,,
Wakefield,-,6,461,390,862,,
Wakefield,-,7,378,463,848,,
Wales,-,1,217,271,499,,
Walpole,-,1,225,325,551,,
Walpole,-,2,294,397,699,,
Walpole,-,3,300,407,711,,
Walpole,-,4,266,332,601,,
Walpole,-,5,184,335,525,,
Walpole,-,6,250,412,670,,
Walpole,-,7,255,460,718,,
Walpole,-,8,264,472,744,,
Waltham,1,1,367,325,698,,
Waltham,1,2,455,370,829,,
Waltham,2,1,395,295,693,,
Waltham,2,2,235,121,361,,
Waltham,3,1,395,372,768,,
Waltham,3,2,388,299,689,,
Waltham,4,1,381,345,728,,
Waltham,4,2,89,61,150,,
Waltham,5,1,379,261,644,,
Waltham,5,2,274,122,398,,
Waltham,6,1,360,187,551,,
Waltham,6,2,246,144,392,,
Waltham,7,1,373,277,655,,
Waltham,7,2,146,61,208,,
Waltham,8,1,313,98,412,,
Waltham,8,2,323,179,505,,
Waltham,9,1,211,112,326,,
Waltham,9,2,237,101,343,,
Ware,-,A,208,192,403,,
Ware,-,B,121,246,368,,
Ware,-,C,208,333,543,,
Wareham,-,1,305,323,631,,
Wareham,-,2,355,348,712,,
Wareham,-,3,319,391,713,,
Wareham,-,4,269,336,609,,
Wareham,-,5,263,381,645,,
Wareham,-,6,176,282,462,,
Warren,-,A,208,385,597,,
Warren,-,B,108,102,212,,
Warwick,-,1,131,70,203,,
Washington,-,1,90,50,142,,
Watertown,-,1,338,147,486,,
Watertown,-,2,388,110,504,,
Watertown,-,3,493,141,638,,
Watertown,-,4,636,166,807,,
Watertown,-,5,446,115,565,,
Watertown,-,6,352,134,488,,
Watertown,-,7,505,233,741,,
Watertown,-,8,435,172,611,,
Watertown,-,9,274,130,407,,
Watertown,-,10,395,259,657,,
Watertown,-,11,343,164,507,,
Watertown,-,12,367,136,506,,
Wayland,-,1,620,327,948,,
Wayland,-,2,616,297,918,,
Wayland,-,3,508,269,779,,
Wayland,-,4,569,410,982,,
Webster,-,1,147,202,356,,
Webster,-,2,122,134,264,,
Webster,-,3,155,228,386,,
Webster,-,4,211,500,713,,
Webster,-,5,202,293,499,,
Wellesley,-,A,558,411,971,,
Wellesley,-,B,682,384,"1,068",,
Wellesley,-,C,439,632,"1,076",,
Wellesley,-,D,697,397,"1,097",,
Wellesley,-,E,521,412,938,,
Wellesley,-,F,385,304,694,,
Wellesley,-,G,378,158,537,,
Wellesley,-,H,504,453,962,,
Wellfleet,-,1,763,349,"1,118",,
Wendell,-,1,235,56,295,,
Wenham,-,1,409,545,959,,
W. Boylston,-,1,332,541,876,,
W. Boylston,-,2,324,596,924,,
W. Bridgewater,-,1,223,456,685,,
W. Bridgewater,-,2,211,405,618,,
W. Brookfield,-,1,320,459,780,,
W. Newbury,-,1,550,634,"1,193",,
W. Springfield,-,1,90,59,152,,
W. Springfield,-,2,110,116,229,,
W. Springfield,-,3,182,249,433,,
W. Springfield,-,4,218,290,514,,
W. Springfield,-,5,304,522,828,,
W. Springfield,-,6,278,494,775,,
W. Springfield,-,7,247,526,776,,
W. Springfield,-,8,138,194,344,,
W. Stockbridge,-,1,326,83,410,,
W. Tisbury,-,1,649,189,841,,
Westborough,-,1,323,254,580,,
Westborough,-,2,268,250,523,,
Westborough,-,3,416,349,770,,
Westborough,-,4,441,519,962,,
Westborough,-,5,431,498,932,,
Westfield,1,A,210,380,592,,
Westfield,1,B,195,301,500,,
Westfield,2,A,131,90,222,,
Westfield,2,B,192,219,415,,
Westfield,3,A,95,112,210,,
Westfield,3,B,236,332,571,,
Westfield,4,A,92,151,245,,
Westfield,4,B,262,494,764,,
Westfield,5,A,249,458,708,,
Westfield,5,B,235,486,723,,
Westfield,6,A,165,388,554,,
Westfield,6,B,151,280,434,,
Westford,-,1,346,501,852,,
Westford,-,2,338,472,813,,
Westford,-,3,366,484,853,,
Westford,-,4,401,433,843,,
Westford,-,5,380,437,821,,
Westford,-,6,264,362,629,,
Westhampton,-,1,250,208,464,,
Westminster,-,1,234,447,683,,
Westminster,-,2,284,584,872,,
Weston,-,1,460,389,852,,
Weston,-,2,414,359,778,,
Weston,-,3,314,306,621,,
Weston,-,4,361,377,741,,
Westport,-,A,192,214,408,,
Westport,-,B,313,354,670,,
Westport,-,C,198,163,366,,
Westport,-,D,177,195,374,,
Westport,-,E,319,312,635,,
Westwood,-,1,493,552,"1,052",,
Westwood,-,2,478,621,"1,103",,
Westwood,-,3,512,525,"1,040",,
Westwood,-,4,311,512,829,,
Weymouth,-,1,283,308,593,,
Weymouth,-,2,317,390,712,,
Weymouth,-,3,294,351,657,,
Weymouth,-,4,254,334,595,,
Weymouth,-,5,250,227,488,,
Weymouth,-,6,295,364,661,,
Weymouth,-,7,209,273,494,,
Weymouth,-,8,261,273,538,,
Weymouth,-,9,295,364,661,,
Weymouth,-,10,194,216,414,,
Weymouth,-,11,238,294,537,,
Weymouth,-,12,260,320,583,,
Weymouth,-,13,195,196,393,,
Weymouth,-,14,197,209,406,,
Weymouth,-,15,239,347,592,,
Weymouth,-,16,278,408,695,,
Weymouth,-,17,210,212,427,,
Weymouth,-,18,254,418,680,,
Whately,-,1,231,145,381,,
Whitman,-,1,318,460,801,,
Whitman,-,2,238,380,626,,
Whitman,-,3,300,432,746,,
Whitman,-,4,275,444,729,,
Wilbraham,-,A,310,498,815,,
Wilbraham,-,B,264,469,735,,
Wilbraham,-,C,245,488,741,,
Wilbraham,-,D,310,631,947,,
Williamsburg,-,1,603,199,805,,
Williamstown,-,1,562,141,703,,
Williamstown,-,2,210,27,237,,
Williamstown,-,3,529,114,645,,
Wilmington,-,1,281,416,699,,
Wilmington,-,2,249,447,701,,
Wilmington,-,3,253,407,665,,
Wilmington,-,4,293,530,829,,
Wilmington,-,5,352,444,800,,
Wilmington,-,6,287,424,716,,
Winchendon,-,1,124,196,327,,
Winchendon,-,1A,38,53,91,,
Winchendon,-,2,168,215,387,,
Winchendon,-,3,168,253,424,,
Winchester,-,1,482,322,807,,
Winchester,-,2,363,274,640,,
Winchester,-,3,608,342,964,,
Winchester,-,4,483,410,900,,
Winchester,-,5,373,433,808,,
Winchester,-,6,365,418,787,,
Winchester,-,7,441,460,904,,
Winchester,-,8,323,273,601,,
Windsor,-,1,130,65,196,,
Winthrop,-,1,332,299,633,,
Winthrop,-,2,265,248,516,,
Winthrop,-,3,272,202,474,,
Winthrop,-,4,374,231,605,,
Winthrop,-,5,344,299,647,,
Winthrop,-,6,283,183,472,,
Woburn,1,1,267,206,476,,
Woburn,1,2,291,255,556,,
Woburn,2,1,297,246,549,,
Woburn,2,2,188,141,335,,
Woburn,3,1,204,314,524,,
Woburn,3,2,278,415,697,,
Woburn,4,1,285,328,619,,
Woburn,4,2,225,256,488,,
Woburn,5,1,227,226,459,,
Woburn,5,2,282,328,617,,
Woburn,6,1,131,140,272,,
Woburn,6,2,208,299,515,,
Woburn,7,1,334,388,728,,
Woburn,7,2,277,379,661,,
Worcester,1,1,423,380,809,,
Worcester,1,2,452,431,885,,
Worcester,1,3,268,295,565,,
Worcester,1,4,596,381,983,,
Worcester,1,5,297,287,589,,
Worcester,2,1,348,352,706,,
Worcester,2,2,330,340,679,,
Worcester,2,3,322,328,654,,
Worcester,2,4,343,130,474,,
Worcester,2,5,173,49,226,,
Worcester,3,1,258,179,438,,
Worcester,3,2,85,33,119,,
Worcester,3,3,193,145,339,,
Worcester,3,4,166,43,209,,
Worcester,3,5,283,156,447,,
Worcester,4,1,167,72,241,,
Worcester,4,2,175,110,286,,
Worcester,4,3,161,37,200,,
Worcester,4,4,176,153,332,,
Worcester,4,5,295,211,510,,
Worcester,5,1,175,96,271,,
Worcester,5,2,251,198,452,,
Worcester,5,3,299,320,622,,
Worcester,5,4,295,274,572,,
Worcester,5,5,286,247,535,,
Worcester,6,1,112,36,150,,
Worcester,6,2,161,82,249,,
Worcester,6,3,158,110,272,,
Worcester,6,4,110,93,204,,
Worcester,6,5,213,171,386,,
Worcester,7,1,364,221,587,,
Worcester,7,2,190,123,313,,
Worcester,7,3,326,184,511,,
Worcester,7,4,241,186,429,,
Worcester,7,5,264,215,482,,
Worcester,8,1,127,56,186,,
Worcester,8,2,81,38,122,,
Worcester,8,3,104,17,123,,
Worcester,8,4,246,86,339,,
Worcester,8,5,138,93,236,,
Worcester,9,1,308,202,516,,
Worcester,9,2,497,266,769,,
Worcester,9,3,267,231,500,,
Worcester,9,4,376,363,743,,
Worcester,9,5,445,375,822,,
Worcester,10,1,204,77,283,,
Worcester,10,2,177,57,239,,
Worcester,10,3,233,29,264,,
Worcester,10,4,128,25,153,,
Worcester,10,5,121,18,139,,
Worthington,-,1,212,133,347,,
Wrentham,-,1,226,470,700,,
Wrentham,-,2,220,474,696,,
Wrentham,-,3,253,424,681,,
Yarmouth,-,1,522,563,"1,086",,
Yarmouth,-,2,439,591,"1,030",,
Yarmouth,-,3,284,338,624,,
Yarmouth,-,4,357,475,836,,
Yarmouth,-,5,271,342,615,,
Yarmouth,-,6,358,401,762,,
Yarmouth,-,7,551,759,"1,316",,
TOTALS,,,"645,429","525,307","1,179,781",,